IDX,KIC,Teff,age,dnu,eTeff,ednu,efeh,enumax,feh,loage,lomodlogg,lomodmass,lomodrad,modlogg,modmass,modrad,numax,source,upage,upmodlogg,upmodmass,upmodrad,G,bprp,hrclass,nus+ACo-,l+AF8-nus+ACo-,u+AF8-nus+ACo-,cosi,l+AF8-cosi,u+AF8-cosi,i,l+AF8-i,u+AF8-i,nus,l+AF8-nus,u+AF8-nus,P,l+AF8-P,u+AF8-P,vsini,l+AF8-vsini,u+AF8-vsini,fit+AF8-numax,efit+AF8-numax,fit+AF8-d01,efit+AF8-d01,fit+AF8-d02,efit+AF8-d02,fit+AF8-epsilon,efit+AF8-epsilon,V1,eV1,V2,eV2,rhat+AF8-flag,eye+AF8-flag,comment,neff+AF8-xsplit,neff+AF8-cosi,neff+AF8-split,neff+AF8-i,ebprp
0,1435467,6326,3.0164,70.369,77,0.034,0.1,6.3,0.01,0.3513,0.0088,0.0513,0.021,4.0997,1.3189,1.6925,1406.7,L,0.4951,0.0088,0.0304,0.018,8.779618,0.65381527,SG,1.57736358252059,0.090897575163046,0.097946685421229,0.447345904764917,0.165311252540691,0.10028097293225,1.1070007860296,0.115729845379876,0.177881344936268,1.76941697109257,0.183700330348582,0.18551387882895,6.54117954792479,0.620727642530034,0.757775248049969,11.6697716734201,0.672485379765918,0.724636645412801,1411.42863998576,6.4813550172405,0.458467127156828,0.007580655443334,0.073752442687338,0.006002434259048,1.119160049506,0.004586679312377,1.39177081374556,0.053642407352659,0.995788349608223,0.059508931490072,,0,,960,2229,1514,2289,0.004119087116237
1,2837475,6614,1.627,75.729,77,0.041,0.1,8.2,0.01,0.1757,0.0066,0.0209,0.018,4.1635,1.4291,1.6385,1557.6,L,0.1118,0.0066,0.019,0.015,8.398082,0.57503986,SG,3.12073371478714,0.077538424099728,0.075407658715292,0.32976993418223,0.10102703676013,0.071035399128183,1.23473645980608,0.076335838447155,0.105273720349197,3.30771554007837,0.155028790976574,0.152360068658512,3.49911409670312,0.154079079303604,0.172063854438835,22.3514154172196,0.55534809639078,0.540087062731129,1569.5623870099,5.67048116113779,0.467599510015002,0.007231737710164,0.073024790909072,0.006306174283333,0.91571073664873,0.005382991639422,1.41403498236428,0.040256761657438,1.02955226374511,0.046604068754655,,0,,2991,1454,1737,1462,0.003112502288119
2,3427720,6045,2.2339,120.068,77,0.031,0.1,10.7,+AC0-0.06,0.2396,0.0055,0.0095,0.009,4.3868,1.108,1.1167,2737,L,0.2396,0.0044,0.0209,0.009,9.038882,0.7422743,MS,0.301916393305,0.062497791158252,0.056955228191554,0.553275774687775,0.366961391861804,0.285242259714957,0.984504689841096,0.408266049792568,0.398882136271507,0.366378170084797,0.089664931710005,0.219099701303391,31.5905123798556,11.8219187363809,10.2364495034432,1.47375429106602,0.305072496704658,0.278017404179677,2731.0588356945,7.21050752366318,0.469237197905122,0.002220490169792,0.085479981871112,0.002353309217342,1.35706353725371,0.001597717076375,1.33001255385335,0.037799514685354,0.839940008992541,0.031153285821681,,0,,4491,6127,4305,6779,0.003220864307812
3,3456181,6384,2.0901,52.264,77,0.041,0.1,8.3,+AC0-0.15,0.1278,0.0077,0.019,0.027,3.949,1.4975,2.1483,970,L,0.1278,0.0088,0.0304,0.027,9.559311,0.6523819,SG,0.919518320867124,0.078211210838403,0.079464433448871,0.526857777794192,0.329593946953625,0.233736536862551,1.01589694976976,0.309328682897671,0.356333255194147,1.08169665148566,0.170801683089898,0.381693353722461,10.6999260650485,2.79084206401654,2.00634033320069,8.63489750432817,0.73445604503252,0.746224650992746,967.607936595153,4.91097537991709,0.435398429722481,0.009342685369139,0.081738942648184,0.005723548313931,0.991452259904489,0.004782407648027,1.38148028993902,0.053546580014318,0.982741802784263,0.059343739595588,,0,Only 80+ACU- confident,1438,1734,1263,1667,0.004178874700353
4,3632418,6193,2.6331,60.704,77,0.019,0.1,3,+AC0-0.12,0.1757,0.0077,0.0209,0.024,4.0238,1.4082,1.9114,1166.8,L,0.1757,0.0077,0.0209,0.021,8.128324,0.6891513,SG,0.983423613736827,0.026577248478033,0.027301173802644,0.304472478840563,0.170728834179476,0.120434090291171,1.26141176221367,0.129474107078988,0.175238955333581,1.0328876826428,0.054563740278926,0.07193448737822,11.2055495287602,0.729588419517778,0.6249634340409,8.21663671233104,0.22205648970291,0.228104983267736,1170.05746345501,3.79922820675119,0.436497014853374,0.004893342492865,0.070571692814479,0.004498110188915,1.11930221181439,0.002893800998558,1.35095207712777,0.034803679722677,0.921995748241854,0.034584012248931,,0,,3532,2171,2572,2201,0.002920246221214
5,3656476,5668,8.3663,93.194,77,0.018,0.1,7,0.25,1.5651,0.0077,0.0399,0.018,4.2251,1.0377,1.2996,1925,L,1.7248,0.0099,0.0513,0.021,9.472733,0.88261986,MS,0.211518825778359,0.019592847238083,0.019754720363365,0.463448636793991,0.312849045101529,0.281165845015096,1.08891324840353,0.358074030671125,0.330708314653084,0.240921540198121,0.03482049197732,0.0864138751823,48.0408438205971,12.6823620658345,8.11643534459372,1.20160188586129,0.111303578317619,0.112223151560773,1925.31018310686,6.60875881140919,0.449472748123612,0.005176353480214,0.052144892751685,0.003412062292789,1.45076258355065,0.002493455605959,1.2477795681859,0.048456805801405,0.79693810245545,0.04059730807415,,0,,4456,5201,5963,5669,0.003555928969972
6,3735871,6107,2.3457,123.049,77,0.047,0.1,16.6,+AC0-0.04,0.8464,0.0066,0.0399,0.015,4.3956,1.089,1.0957,2862.6,L,1.038,0.0066,0.0399,0.012,9.645882,0.72502613,MS,0.685687350271532,0.054211049638701,0.053085817001291,0.335210082087265,0.227320340603276,0.234005645643314,1.2289681198654,0.263723450581095,0.233728051703964,0.732051226661467,0.075631940301503,0.135259262783451,15.8104701604087,2.4656827365542,1.82166578870027,3.28412494028092,0.259645828505895,0.254256485146021,2864.64799189282,8.17195149928102,0.467925383460527,0.002540267170184,0.091070945468849,0.002257899176767,1.32592890169708,0.001671132439783,1.2760828720926,0.0397398327001,0.831192887006871,0.034676314165339,,0,,3484,2006,1544,1925,0.003555605654161
7,4914923,5805,7.5678,88.531,77,0.019,0.1,6.3,0.08,1.7886,0.0077,0.0494,0.024,4.1965,1.0586,1.3566,1817,L,1.6609,0.0099,0.0589,0.024,9.323963,0.8282194,SG,0.390523762486692,0.025945803995495,0.025960853759334,0.686459806742792,0.185238258903605,0.095128912603543,0.814187001147116,0.140599317739885,0.231599444736152,0.541000324114424,0.108941400788788,0.107149215742362,21.3938394466074,3.53673493083383,5.3943448859942,2.31580053165038,0.153858260261209,0.153947505153448,1813.11937086035,5.74188804845471,0.446015571110041,0.003764852413979,0.060794975807057,0.002932164591793,1.3798786792397,0.002160532104262,1.30307748809636,0.037337892337178,0.790368413182552,0.030525032291296,,0,,2800,1361,2058,1470,0.004597485333681
8,5184732,5846,4.8529,95.545,77,0.024,0.1,4.4,0.36,0.8784,0.0099,0.0589,0.021,4.2548,1.1479,1.3206,2089.3,L,1.5651,0.0077,0.0399,0.015,8.157801,0.82895803,MS,0.549769959758239,0.019323675458167,0.019082314065196,0.320020143443251,0.190615141967814,0.171360011918827,1.24504557759703,0.187922974493561,0.195981836773571,0.581391401066274,0.035178962001276,0.060122475716168,19.9075425829278,1.86572843109557,1.28215079081014,3.17361448968624,0.111548285495627,0.110154997265912,2094.48366036407,5.36975285728568,0.470100856739768,0.00409946438995,0.062184081829125,0.002979519312495,1.37770820614458,0.002181588088729,1.28654650518918,0.035929102796354,0.817543318809533,0.027156621396127,,0,,3936,2620,3132,2730,0.004263231610989
9,5773345,6130,2.5533,57.303,84,0.03,0.09,5.7,0.21,0.2396,0.0077,0.0304,0.024,3.993,1.469,2.0194,1101.2,L,0.2555,0.0066,0.0285,0.021,9.093298,0.7112942,SG,1.07652461999801,0.076901089422788,0.0758633413949,0.832157375638719,0.027664263157662,0.023144977030953,0.587809531516594,0.043147311218553,0.04816522157395,1.95231097846847,0.208127289869513,0.183355669736982,5.92839676011311,0.508976979607303,0.707414683608324,9.50272563037989,0.67882326134205,0.669662825436269,1107.34360868805,4.75450543188026,0.457886619072814,0.007494861269713,0.062051759030173,0.00440092974656,1.09429577811073,0.004199504146154,1.29050587742736,0.048964552285863,0.869428708432891,0.062993440574654,,0,,1966,2050,1639,2232,0.003570417771704
10,5950854,5853,8.9253,96.629,77,0.102,0.1,21.9,+AC0-0.23,1.1498,0.0066,0.0304,0.012,4.2383,0.9693,1.2366,1926.7,L,1.1179,0.0066,0.0285,0.018,10.908018,0.7983141,MS,0.293137129122107,0.12385788788302,0.63590198689008,0.886247929350037,0.604184607498348,0.090397030265956,0.481615073531804,0.265067062786745,0.803237166201681,0.505284674079325,0.302526202898802,3.10798053313337,22.9060784861767,19.7028610563082,34.17698274304,1.58453539239064,0.669506478299603,3.43733053310739,1930.66567251543,8.21856846492005,0.44802454592018,0.004850911551362,0.05486281552112,0.003315344720291,1.43236574351443,0.001983636354182,1.22650251533847,0.06119531343844,0.760364900907766,0.056295366466713,,1,+ACI-Bimodel +ACY- diverged, but median looks okay +ACI-,263,329,601,283,0.002630617528772
11,6106415,6037,5.0286,104.074,77,0.023,0.1,4.6,+AC0-0.04,1.1179,0.0088,0.0399,0.018,4.2955,1.0681,1.2186,2248.6,L,1.2776,0.0088,0.0513,0.018,7.059701,0.7308197,MS,0.693731734567682,0.015790002547512,0.015694124492211,0.290564094965691,0.142277259997028,0.103659148967283,1.27598001165102,0.110406177299988,0.145980585092274,0.72547619810972,0.030300998561975,0.037180322274778,15.953761277077,0.777762945975459,0.69538570837981,3.69534173668008,0.084109537633399,0.083598818342746,2252.71760852001,5.13201418957306,0.466721745334805,0.004731243462371,0.064653746752683,0.002880078736619,1.34552856223037,0.001670524055543,1.27793272874644,0.028697553901818,0.797434936889077,0.024374359201888,,0,,8627,2427,3895,2472,0.003195094602182
12,6116048,6033,9.5801,100.754,77,0.017,0.1,5.5,+AC0-0.23,1.9004,0.0088,0.0513,0.018,4.2537,0.9389,1.1916,2126.9,L,2.1559,0.0121,0.0494,0.021,8.369842,0.73460054,MS,0.625016616614218,0.01867783912178,0.018865477160329,0.237479114682208,0.154440303620893,0.167933514271011,1.33102642730487,0.177660275441766,0.156635359499948,0.646557579568409,0.02929677312095,0.04584305586303,17.9010724504913,1.18520957380141,0.849630580139806,3.25554670211873,0.097287937535181,0.098265294586743,2128.88925045382,5.83405772143669,0.463642508822726,0.005671474025502,0.063495793606357,0.00286226800214,1.34261489804205,0.002191181282903,1.28090032897284,0.035060915533661,0.812095512061136,0.027738309730506,,0,,5063,3134,4187,3241,0.004195048973038
13,6225718,6313,2.4095,105.695,76,0.018,0.1,4.9,+AC0-0.07,0.4312,0.0055,0.0304,0.015,4.3186,1.1593,1.2336,2364.2,L,0.527,0.0066,0.0304,0.012,7.403161,0.66492414,H,0.814347966620799,0.034885699798701,0.034471289155111,0.874140127847357,0.018578155224324,0.014571289811043,0.507133813430546,0.030864321715026,0.037027128196846,1.68084887357452,0.130058241846317,0.118659143321803,6.8858505105139,0.454051391475692,0.577487149947815,4.39123064642031,0.188115106019791,0.185880468256912,2364.8765160868,6.28001273321706,0.467653401799137,0.003790183916516,0.079905850813713,0.002538623904617,1.22585862163172,0.001910294978389,1.26519281866431,0.029990323828227,0.805560532546394,0.02398762044726,,0,,4038,3336,3751,3415,0.004930653124942
14,6508366,6331,2.0582,51.553,77,0.046,0.1,4.6,+AC0-0.05,0.1437,0.0055,0.019,0.021,3.9424,1.5279,2.1873,958.3,L,0.1278,0.0066,0.0304,0.018,8.882118,0.6480303,SG,2.27875926427571,0.044032691036342,0.042935022156217,0.053031182045262,0.036367757768924,0.055364993903303,1.51774025658407,0.055553506999542,0.036391874683369,2.2850640292282,0.045287081776766,0.043920960432715,5.06509836312282,0.09551971581355,0.102413556868168,21.7875638052058,0.421003254055499,0.410508274994914,955.49643449517,4.48257181022723,0.440995461944269,0.007158413898583,0.051221301352314,0.004326327371618,1.01311447866364,0.003998824127423,1.33722429353637,0.041482241623418,0.977214476157357,0.047208871682167,,0,,5035,5753,5167,5767,0.005016357238557
15,6603624,5674,7.8234,110.128,77,0.012,0.1,5.4,0.28,0.8624,0.0044,0.0209,0.009,4.3197,1.0092,1.1497,2384,L,0.9422,0.0055,0.0285,0.012,9.043605,0.8940811,MS,1.13447149840612,0.132165388588352,0.127662740101165,0.992770546075395,0.00167975016311,0.001561284310208,0.120317759205669,0.013795156778412,0.013267154480577,9.50044355843955,0.277923097623646,0.151209486803797,1.21826670549047,0.019086210690419,0.036712789892574,5.7013800607308,0.664208058355838,0.641579627107106,2388.97350264137,7.00015918832833,0.471305751795188,0.00386063313456,0.049348683884558,0.002910886109971,1.49841428342823,0.00211993857437,1.2308283786922,0.045945787062867,0.753412263891128,0.034320976162802,,0,,3714,4629,3030,4099,0.005525904372943
16,6679371,6479,1.9464,50.601,77,0.029,0.1,5.1,0.01,0.1597,0.0066,0.019,0.024,3.9336,1.5279,2.2143,941.8,L,0.1757,0.0077,0.0399,0.024,8.642802,0.62110233,SG,1.89537436092275,0.055538419756144,0.052062211934474,0.137154333544467,0.095420160278919,0.122756683095534,1.43320830305374,0.125342027695421,0.095841725884231,1.92356849751237,0.066792326838005,0.072179849219858,6.01698046602947,0.21761498268085,0.216444034450512,18.3456596975704,0.537566071375466,0.503919248326039,943.102939339459,3.95790430584543,0.442088895876888,0.00669032582509,0.059964415467286,0.0050418518743,0.884605572576188,0.005200515763068,1.35045100067642,0.041739848075119,0.950428254708756,0.048305624091352,,0,,2371,4237,2740,4280,0.003526543711881
17,6933899,5832,6.3381,72.135,77,0.018,0.1,3.9,+AC0-0.01,0.6228,0.0077,0.0304,0.015,4.0865,1.1289,1.5875,1389.9,L,0.7187,0.0066,0.0285,0.018,9.582934,0.8122387,SG,0.360115402452547,0.023033270790579,0.021967583186741,0.432999269429134,0.266606730644615,0.204817218016835,1.12297882584765,0.243842387987972,0.280647430922672,0.400403413979179,0.045434773332524,0.08042457143356,28.9060325265692,4.83490017429016,3.69987334375018,2.49894848053673,0.159834754781121,0.152439629773411,1388.98297605083,3.76956916331892,0.42454735307867,0.002790734055728,0.069056164646823,0.002595990414341,1.32008336682906,0.001929765534699,1.29984955150347,0.037054936504908,0.802742365268317,0.028334648340089,,0,,5564,3429,4617,3636,0.004736328924472
18,7103006,6344,2.4734,59.658,77,0.029,0.1,7.2,0.02,0.2396,0.0066,0.019,0.021,4.015,1.4177,1.9444,1167.9,L,0.2236,0.0066,0.0399,0.018,8.758155,0.6526804,SG,1.3590860459112,0.089268765858885,0.082486958772743,0.547052555435527,0.231448044857578,0.121849610775298,0.991957182013545,0.153891787187214,0.257745487217322,1.63107966805967,0.256461097172642,0.269049221094193,7.09595877067244,1.00475403178112,1.32388533680198,11.5513950741971,0.758729578104541,0.701088391069552,1161.60174939794,6.15659465203225,0.452695037541098,0.005751524109774,0.07101802740211,0.006045023339405,0.988006402110008,0.004052411687083,1.31526530672426,0.046388636310161,0.818394626539442,0.060371546224215,,0,,968,1585,1564,1703,0.004910655026342
19,7106245,6068,6.2732,111.376,102,0.063,0.19,24,+AC0-0.99,1.0591,0.007,0.0379,0.012,4.3254,0.9214,1.0959,2397.9,L,1.0591,0.007,0.0216,0.012,10.714183,0.75924873,MS,0.315397648429442,0.101607431401447,0.157316306879461,0.834455201062293,0.523326349717565,0.112594378508098,0.583652891598106,0.256775470388783,0.670762815589583,0.540551155441327,0.284423105606435,0.871620437686412,21.41161698672,13.2156761632007,23.7770069633356,1.51088444349671,0.486741382545371,0.753609806401918,2397.01483473642,8.79449718881915,0.467378444247843,0.002705924829051,0.061442442306273,0.003289058328017,1.39355213360684,0.001833086024772,1.21698724556835,0.052976898104882,0.780234655007068,0.046929704346468,,1,+ACI-funky sampling in cosi, median looks good+ACI-,984,1769,588,1596,0.002155695777636
20,7206837,6305,2.9046,79.131,77,0.037,0.1,10.6,0.1,0.3034,0.0077,0.0304,0.018,4.1635,1.298,1.5635,1652.5,L,0.4152,0.0066,0.0304,0.015,9.701859,0.6637449,SG,1.52981895166575,0.120557699836382,0.117714798244215,0.850717764447565,0.03039455642707,0.024470654826167,0.553446987699982,0.048475812294468,0.055373401253717,2.91213486742341,0.354295315599517,0.370853557726775,3.9744292765378,0.448960228144582,0.550512125984938,10.4553793304854,0.823938337035045,0.804508838849664,1659.90289858303,6.8692028995622,0.471992345595211,0.005383167327454,0.074239436349151,0.005172430294848,1.05865727980923,0.003295939617462,1.24136823277346,0.037536056209758,0.693135945604922,0.043482947973569,,0,,2697,2679,2087,2678,0.003151817057914
21,7296438,5775,7.2325,88.698,77,0.04,0.1,8.5,0.19,1.7727,0.0088,0.0494,0.018,4.2009,1.0776,1.3626,1847.8,L,1.4852,0.0099,0.0608,0.024,10.045428,0.839303,MS,0.197746572155308,0.055563775812456,0.06442780778305,0.635813218209047,0.440105339625025,0.307546622790742,0.881734655060128,0.543554033876628,0.492082436169815,0.253897174569218,0.086085387604526,0.445417378502043,45.5856749635449,29.0350761662256,23.3848927705437,1.17782080186035,0.330949711383196,0.383745778235475,1849.60148650285,6.47482321492066,0.447256942133006,0.003626052892027,0.060221212082032,0.003220286524349,1.35978459804179,0.002639807466919,1.28102033980658,0.041987236834847,0.808692744511263,0.036274164695143,,1,+ACI-funky sampling in cosi, median looks good+ACI-,307,1706,823,1034,0.003181451541342
22,7510397,6171,2.8247,62.249,77,0.02,0.1,3.4,+AC0-0.21,0.1597,0.0066,0.0209,0.018,4.0359,1.3683,1.8574,1189.1,L,0.1437,0.0044,0.0209,0.018,7.732988,0.6897621,SG,0.643774408820852,0.057987693784373,0.055144213090421,0.940249822297332,0.012556462738022,0.01129233884462,0.347433038854642,0.03484917327827,0.035176992251185,1.88881855846555,0.186672221327662,0.221807197050035,6.12767913974767,0.643962258339892,0.672014774887193,5.22686185157638,0.470807258489174,0.447720785089058,1183.7542242874,2.64165071497791,0.433903885938867,0.003757958579833,0.071164212245882,0.003439783316612,1.11496414235576,0.002876547975986,1.33320828474489,0.025982338730657,0.869572812116766,0.026317197175807,,0,,2824,2717,4719,2656,0.005355226643465
23,7680114,5811,7.6796,85.145,77,0.039,0.1,7.1,0.05,1.2776,0.0077,0.0494,0.021,4.1723,1.0586,1.3926,1709.1,L,1.4533,0.0099,0.0399,0.021,10.02261,0.80933,SG,0.258677738167229,0.044230425481479,0.050229266929547,0.798618781684896,0.478349132019442,0.136615601891547,0.645799550056775,0.283923777540321,0.598982659591986,0.423342189997174,0.176533989109566,0.411994784740382,27.3397632837582,13.4841883175293,19.5552508979513,1.57466189232549,0.269246074209918,0.305763120838291,1707.70225966588,5.80644744919664,0.43879441254038,0.003660746948556,0.06327293840622,0.002835225329503,1.37110125638709,0.002234029975108,1.25527988056087,0.041215242035637,0.796292440126682,0.033398958890137,,0,,3238,2944,2236,2724,0.003312309060602
24,7771282,6248,3.24,72.463,77,0.069,0.1,27,+AC0-0.02,0.3194,0.0066,0.0304,0.018,4.1118,1.2885,1.6535,1465.1,L,0.3513,0.0066,0.0304,0.015,10.712941,0.7155037,SG,1.00801390915832,0.180121216134933,0.139929304512612,0.35065557549296,0.247544938096276,0.269924691273211,1.21252528941972,0.311211454355337,0.254976811356433,1.10888922782282,0.200529825103993,0.214069528667888,10.4375385699163,1.68891052366315,2.30419565345692,7.2857219972801,1.3018799588459,1.0113808973161,1458.20672411092,7.44025108431492,0.446793536244625,0.00754706219475,0.068537927321365,0.004893625152853,1.11669024100907,0.006102841135071,1.24835301093401,0.053768429272276,0.838566882776178,0.072994641943004,,0,,511,3514,1558,3621,0.002508740643872
25,7871531,5501,9.9633,151.329,77,0.025,0.1,19.3,+AC0-0.26,1.7727,0.0066,0.0209,0.012,4.4781,0.8287,0.8707,3455.9,L,1.9324,0.0055,0.0304,0.009,9.206715,0.95205975,MS,0.32694259106385,0.032172917640726,0.027758482934104,0.320659806514893,0.203871470266305,0.208167911850614,1.24437032936208,0.230792752818941,0.209370528922204,0.349725908274966,0.038847985577244,0.048937331843523,33.0947002549432,4.06249229619649,4.13558607227537,1.24434817825788,0.122450584750089,0.105649183111505,3452.33418835203,9.77196166759677,0.482740112247924,0.002260793349668,0.053038314376371,0.001911497904599,1.50651885155212,0.001172850206441,1.2310036246818,0.054648246078928,0.656748827950041,0.038519078002571,,0,,1768,2790,2506,2793,0.003759669691466
26,7940546,6235,2.3297,58.762,77,0.029,0.1,3.3,+AC0-0.2,0.0798,0.0033,0.0114,0.009,4.0073,1.3987,1.9414,1116.6,L,0.0798,0.0011,0.0304,0.027,7.3015323,0.668056,SG,1.13907881344394,0.029686325162728,0.030259063817815,0.192524736555005,0.128432080434804,0.132824790502034,1.37706195636108,0.137646971853424,0.129597752297126,1.16657576242615,0.03887302628533,0.049982638924846,9.9214079763824,0.407623792368868,0.342000724542801,9.66653151507538,0.251926200685507,0.2567866161317,1116.55759071355,3.01703391119008,0.427959295829208,0.004146831139269,0.071262711939901,0.003878690790912,1.07896635398306,0.002986249762675,1.36764725651563,0.034939639178899,0.965258154120146,0.040370457037148,,0,,1964,2258,3640,2276,0.005512747165099
27,7970740,5309,12.9817,173.541,77,0.06,0.1,21.2,+AC0-0.54,1.9963,0.0044,0.0095,0.006,4.5386,0.728,0.7628,4197.4,L,1.3575,0.0055,0.0304,0.006,7.749384,0.9476743,MS,,,,,,,,,,,,,,,,,,,,,,,,,,,,,,,empty,,,,,,,0.004887647438183
28,8006161,5488,3.5913,149.427,77,0.015,0.1,11.4,0.34,1.4533,0.0066,0.0304,0.009,4.4935,0.9788,0.9247,3574.7,L,1.5331,0.0066,0.0304,0.012,7.3129287,0.98118925,MS,,,,,,,,,,,,,,,,,,,,,,,,,,,,,,,empty,,,,,,,0.007172991226641
29,8150065,6173,3.8309,89.264,101,0.134,0.15,38.1,+AC0-0.13,0.6707,0.0077,0.0494,0.021,4.2196,1.1878,1.3986,1876.9,L,0.9901,0.0077,0.0399,0.018,10.689889,0.706583,MS,0.537686901432444,0.126743167369814,0.108414707785267,0.43914858394374,0.299249997841392,0.294015896720334,1.11614555011936,0.368312873213674,0.314291783812157,0.62079309055292,0.157819159426003,0.220338065753638,18.6440123940055,4.88388228316666,6.35539564342464,3.28719034297814,0.774854129246184,0.662801677926507,1875.38048050946,9.0493823718482,0.463376852074157,0.004795087881815,0.070410390676445,0.004117146856707,1.16416343820175,0.003187446988979,1.25808382874995,0.072944817194783,0.761787098354088,0.05689103811362,,0,,2727,5329,1487,5195,0.002578791050933
30,8179536,6343,3.5434,95.09,77,0.058,0.1,13.8,+AC0-0.03,0.8145,0.0099,0.0608,0.018,4.2548,1.1593,1.3266,2074.9,L,1.038,0.0099,0.0494,0.021,9.390101,0.6612797,H,1.45551613095653,0.087746494930524,0.095650512344818,0.563530837896723,0.204803306675305,0.101780339592427,0.972142592503112,0.129256818502911,0.231749398715774,1.77014290917679,0.273716255870729,0.255284465523927,6.53849698640154,0.824110759407197,1.19597770744776,8.4403195171018,0.50882875013736,0.554662960440151,2080.70594110087,7.93113433149892,0.466416100273226,0.004811666751273,0.08462055963832,0.004203745101994,1.15440598466985,0.002998025103324,1.25930894929007,0.04522263125621,0.793819533691503,0.039857156376294,,0,,2654,1333,1693,1372,0.003556784772824
31,8228742,6122,2.8886,62.071,77,0.022,0.1,3.4,+AC0-0.08,0.1757,0.0066,0.019,0.021,4.0348,1.3778,1.8694,1190.5,L,0.1597,0.0055,0.0209,0.021,9.336569,0.7277889,SG,0.64489237315823,0.040274348067283,0.03807616689695,0.789455634041213,0.070628431822392,0.041014989566742,0.660874702709001,0.070030360678445,0.107807800375803,1.05172130089148,0.158346953453278,0.144874966129453,11.0048870021626,1.33238977014392,1.95057128158405,5.26976623926086,0.32910359710695,0.311141063510109,1187.4341186557,3.14317897357137,0.426898649712746,0.003383304490253,0.072269073079284,0.003374528322329,1.16046030112093,0.002276580689774,1.30742354683516,0.028812951198741,0.868953753575101,0.028292750660679,,0,,2609,1197,1592,1289,0.003951401013185
32,8379927,6067,1.9943,120.288,120,0.017,0.15,6,+AC0-0.1,0.7506,0.0077,0.0399,0.015,4.3879,1.1194,1.1197,2795.3,L,0.8464,0.0066,0.0399,0.015,6.9261136,0.752151,MS,1.12373182532924,0.019938020216031,0.019693807199021,0.448875790292213,0.039114580995865,0.035812448089622,1.10528946222734,0.040499841534661,0.043314594340798,1.25837933547575,0.033898141850127,0.032923369855794,9.19760341638543,0.234504348571347,0.254623481281108,5.50004484631462,0.09758556522395,0.096390277776064,2806.87096029546,6.61126520021071,0.471214902531157,0.003991791718387,0.091465435145166,0.002438000913523,1.31305934527917,0.001954928680974,1.25980796742722,0.029820371481369,0.81372069047085,0.024721982927835,,0,,5809,4811,4489,4834,0.005293578098532
33,8394589,6143,4.4537,109.488,77,0.034,0.1,10.5,+AC0-0.29,0.8304,0.0077,0.0285,0.015,4.3219,1.0377,1.1646,2396.7,L,0.9422,0.0077,0.0418,0.015,9.487704,0.7004528,MS,1.00505849735563,0.033870317474229,0.033664954116942,0.324340865745888,0.132858845726721,0.094761115309151,1.24048148526284,0.102141178634485,0.137642956516954,1.06551368210726,0.056204326079117,0.058252029134224,10.8624359022011,0.563070155121258,0.60488480083264,5.11646487726236,0.172424082970859,0.171378636952148,2399.67441976033,6.6602290793453,0.46549055043272,0.003183176539292,0.074034476944986,0.003403382521288,1.26975564431567,0.002460424652551,1.26511359181863,0.03512498909964,0.794440965702341,0.029449670741993,,1,+ACI-funky sampling in cosi, median looks good+ACI-,6951,1770,3653,1816,0.004934026903368
34,8424992,5719,9.612,120.584,77,0.062,0.1,27,+AC0-0.12,1.7407,0.0066,0.0399,0.015,4.3593,0.918,1.0477,2533.7,L,1.9164,0.0066,0.0399,0.012,10.269356,0.840024,MS,0.223741803275728,0.064185938034792,0.062140953646257,0.513016877623955,0.347468696659599,0.362852561675015,1.03210058838644,0.528538909426007,0.372381896276365,0.273637035916034,0.08592367937776,0.195972356462186,42.2971767522093,17.6510040428244,19.361062679843,1.02467454984963,0.293953549133708,0.284588095619466,2535.96151525273,9.17958159320233,0.479557798936465,0.00504648977065,0.043061580401894,0.003242741718781,1.51942683512397,0.001526847550414,1.23635479585262,0.078039222822622,0.794578579245356,0.06196235892772,,0,,163,1131,204,649,0.00271044756129
35,8694723,6246,4.6932,75.112,77,0.019,0.1,3.7,+AC0-0.42,0.511,0.0066,0.0209,0.012,4.1129,1.1384,1.5485,1470.5,L,0.4791,0.0088,0.0209,0.015,8.807503,0.65730476,SG,0.918544423900081,0.049620495585886,0.04686334638043,0.821855285232938,0.035013923956327,0.026098730458803,0.606136294038682,0.047453421258529,0.058985924529274,1.61389947689147,0.16292098812594,0.15888039812065,7.17149626762825,0.642725085190977,0.805241020873677,6.21746353012345,0.335872292754184,0.317209641078353,1471.95799352815,3.93173074262063,0.428563608811813,0.003405894014613,0.07497593304195,0.00309146446277,1.1150592708646,0.002316648363899,1.27225457432956,0.028194191636228,0.808813795480594,0.027179986094115,,0,,1934,2905,2390,3041,0.007010314803037
36,8760414,5873,11.6642,117.23,77,0.022,0.1,9.1,+AC0-0.92,1.6059,0.0063,0.0186,0.0121,4.3293,0.8115,1.0196,2455.3,L,1.2847,0.0047,0.031,0.0097,,,MS,0.69191330746657,0.421387984382897,0.258545771484598,0.991177915291691,0.006046516878118,0.003544582368106,0.132929203703592,0.030146415757263,0.039729963251433,5.77390822835943,3.98940755404147,1.45645443264372,2.00454764871191,0.403787822661341,4.48134240533435,3.08377996055074,1.8780789556062,1.15230948788748,2463.57992780209,7.69102108915604,0.464734707922806,0.007404080155563,0.049058794030556,0.003663117276859,1.40998745085178,0.002770807974378,1.24397458094132,0.043661012130845,0.770600478444266,0.036732988067417,rhat+AF8-01,0,,163,264,984,225,
37,8938364,5677,10.2508,85.684,77,0.018,0.1,5.2,+AC0-0.13,0.6548,0.0066,0.0095,0.006,4.1734,0.9883,1.3446,1675.1,L,0.559,0.0022,0.0095,0.018,10.05581,0.8286247,SG,0.614729456428281,0.503991604613604,0.268374714778493,0.988554949814401,0.584034389526749,0.005293333875727,0.1514394172375,0.040461636586947,1.00290238722448,5.68545254956771,5.55541525792683,0.616470817359136,2.03573489583204,0.199140986197274,86.9700720681831,3.6130918545886,2.96222662240832,1.5773808881352,1668.96638339437,6.47593222977639,0.424052579785725,0.003401896605669,0.062942045109121,0.003026688878324,1.44685420474521,0.001982896076096,1.27148972386797,0.051975339234197,0.762396512676968,0.042059471536606,rhat+AF8-1,1,+ACI-funky sampling in cosi, median looks good+ACI-,12,14,41,12,0.002698530130366
38,9025370,5270,6.5458,132.628,180,0.03,0.18,20,+AC0-0.12,1.1339,0.0066,0.0304,0.012,4.4231,0.9693,1.0027,2988.6,L,1.2616,0.0044,0.0304,0.009,8.772598,0.85172653,MS,0.42503008827134,0.044852901188843,0.040484660840281,0.382348065078929,0.255343598497023,0.281944310902215,1.17846021675246,0.334210620775418,0.26498770476114,0.468422958241948,0.060594160484126,0.109240525183208,24.7085969973177,4.67258175947279,3.67114013242517,1.86291295085121,0.196590906887991,0.177444847015231,2990.20930015936,7.94281944494969,0.475700538187169,0.002223577823359,0.070148290255859,0.002729889541604,1.4758088812144,0.001460144663035,1.19861197405984,0.035275482092055,0.769440324170689,0.030388807385514,,0,,4512,4434,4179,4412,0.005968142034296
39,9098294,5852,8.0789,108.894,77,0.023,0.1,9.2,+AC0-0.18,0.7346,0.0055,0.0304,0.009,4.3076,0.9693,1.1377,2314.7,L,0.9901,0.0066,0.019,0.015,9.706002,0.7861614,MS,0.362795943237588,0.036273888924104,0.036661415349798,0.526773741624562,0.339868349489758,0.217786150838477,1.01599581643344,0.285074806580289,0.366789433044429,0.425301373862337,0.074176096360268,0.147187621047492,27.2138203031055,6.99670800480455,5.74898481365506,1.80423063207852,0.180394689525574,0.182321908010261,2317.8762920673,7.55456938775296,0.466355214478875,0.004712692945236,0.051912808133208,0.00364820401509,1.44516099358033,0.002502232742633,1.2231142722963,0.043414782658097,0.757193951402811,0.037846033802936,,0,,6228,3902,4945,4109,0.004191764273463
40,9139151,6302,1.3236,117.294,77,0.031,0.1,14.5,0.1,0.7506,0.0077,0.0494,0.015,4.3824,1.1783,1.1526,2690.4,L,0.9422,0.0077,0.0399,0.015,9.145875,0.730463,H,0.954872889062328,0.038871708584545,0.039101992214155,0.283361695357481,0.188909615985278,0.177106584380896,1.28349865396204,0.191224988142403,0.192704589062356,0.996788908800661,0.060655762881454,0.106263082230602,11.6113592084496,1.11858627628747,0.75234580993191,4.81089690061247,0.195845734540161,0.197005963103193,2693.5895265617,7.06060468163651,0.469402733597506,0.002748060561813,0.087755255680285,0.003091747868036,1.338372878931,0.002021380118349,1.26021956123606,0.034540645798538,0.767922002655977,0.026654086350273,,0,,5077,2110,2568,2141,0.004069444770808
41,9139163,6400,1.5951,81.17,84,0.042,0.09,6.2,0.15,0.2236,0.0088,0.0209,0.015,4.1998,1.3987,1.5575,1729.8,L,0.2236,0.0077,0.0304,0.012,8.25681,0.62723446,SG,1.59278013274335,0.078029583151653,0.072474312906923,0.834024700782425,0.030177340828477,0.027895837059471,0.584433630956106,0.052682588452281,0.052627518053785,2.89861935903251,0.227898557381322,0.231566979229814,3.99296100685447,0.295393861597059,0.340728260474738,10.8439063182782,0.531238098941792,0.493416915171236,1732.20897033858,5.96518386512867,0.469719699248134,0.004864461659239,0.067277950936657,0.004291098301763,1.01436253387713,0.003253990852135,1.31748418177242,0.046566435315422,0.876387902816494,0.061831403842707,rhat+AF8-01,0,,959,389,980,379,0.004800633612263
42,9206432,6538,1.5312,84.926,77,0.046,0.1,10.3,0.16,0.3034,0.0055,0.019,0.012,4.2196,1.3778,1.5095,1866.4,L,0.2076,0.0066,0.0418,0.015,8.988301,0.5929928,H,1.55278676791308,0.195532050915352,0.166648625311243,0.825811178975516,0.060395895104662,0.038680903371399,0.599157241408287,0.072499919706708,0.09995268693042,2.80966146438142,0.568669502413818,0.40414691634159,4.11938386535754,0.518026003299532,1.0453263497258,10.245822094142,1.29018784084174,1.09960504716762,1872.62237838016,7.31275948471739,0.46546654178765,0.006052036712684,0.077774674650981,0.00489142005151,0.958058314950818,0.003845100869347,1.32079069256315,0.049927763072619,0.84331308150368,0.061283570221819,,0,,1377,987,1530,1121,0.003545646730766
43,9353712,6278,2.154,51.467,77,0.091,0.1,11.1,+AC0-0.05,0.1278,0.0066,0.0209,0.021,3.9435,1.5089,2.1723,934.3,L,0.1118,0.0055,0.0285,0.024,10.757383,0.6871824,SG,0.746194074261255,0.171421768425238,0.162208762966633,0.792760820559884,0.396091389201118,0.113530281181017,0.655471163988273,0.219099372110747,0.507439395881552,1.21418719331811,0.525389133263919,0.830751263774068,9.53236432089998,3.87249835418216,7.2709264349182,7.08554841331539,1.62774977873639,1.54026691273573,928.878245982991,5.64806109092228,0.430935972238732,0.00695557243558,0.078434576083576,0.005413691423663,1.09614406776953,0.00465270872209,1.27194740914478,0.050601053970223,0.808720109266063,0.05999842707335,,0,,1170,1493,1108,1452,0.0028358667237
44,9410862,6047,6.929,107.39,77,0.05,0.1,31.2,+AC0-0.31,1.3255,0.0088,0.0399,0.018,4.2999,0.9693,1.1557,2278.8,L,1.4852,0.0077,0.0494,0.018,10.627761,0.7192421,MS,0.412422148660917,0.084399946444294,0.085255288414434,0.689057911437708,0.426236690318403,0.179117916870469,0.810608023696659,0.2913262512178,0.494243242704347,0.562453684817527,0.181945128419726,0.368796330832328,20.5778268322069,8.1492909528417,9.83955594841783,2.08347822324149,0.426372470611443,0.430693495498195,2281.12557115867,8.66518724970047,0.4609232252242,0.004524665378608,0.060996742359921,0.004228482475785,1.34877609132442,0.002930344585456,1.19487400659926,0.044913685263768,0.787898521003549,0.043865127400773,,0,,323,2079,204,1745,0.002645264301511
45,9414417,6253,2.6491,60.115,75,0.024,0.1,6.1,+AC0-0.13,0.1757,0.0055,0.0304,0.018,4.0161,1.3987,1.9174,1155.3,L,0.1597,0.0055,0.019,0.021,9.516585,0.66290855,SG,1.08870993227171,0.048385118159837,0.049692346457639,0.527761027781759,0.149929344488067,0.09803949444258,1.01483389340031,0.120195010268085,0.168509169747113,1.28326542568867,0.137442849455593,0.14383583197684,9.01923627481572,0.909038058635002,1.08186865551819,9.12487197230264,0.405533187018872,0.416489540499654,1161.11552686411,3.92627825235058,0.431457561677048,0.005268135016217,0.071207565844888,0.004543035500093,1.05443815747632,0.003313974161026,1.33819432822304,0.040606865457429,0.935257630300602,0.049227003799,,0,,2526,1919,2584,2053,0.004523555408626
46,9812850,6321,2.713,64.746,77,0.067,0.1,9.1,+AC0-0.07,0.3513,0.0077,0.0494,0.024,4.0535,1.3683,1.8214,1255.2,L,0.4631,0.0088,0.0399,0.015,9.374328,0.64471245,SG,1.53715998009981,0.082763364077375,0.085001354985903,0.156249820303908,0.111022033516083,0.168363851761311,1.41390363769435,0.173710563674015,0.111649468701846,1.5726559597651,0.09019269493086,0.105688170249613,7.35957158829589,0.463444700984899,0.44775446769115,12.2384459186772,0.658939192030603,0.676757461472361,1249.68449144675,4.89833401387159,0.449898915204397,0.007880441369708,0.068448321163404,0.005753271000313,1.07479656277685,0.004020430282299,1.2803451698798,0.043363899803715,0.885207958886677,0.058365646333773,,0,,2361,7001,3266,7048,0.007777169708976
47,9955598,5457,6.2902,153.283,77,0.029,0.1,21.2,0.05,1.8365,0.0066,0.0304,0.012,4.4968,0.899,0.8857,3616.8,L,1.9483,0.0055,0.0399,0.012,9.391091,0.95841694,MS,0.2923726967112,0.03871672631001,0.036427562878145,0.596718222712829,0.323150050025779,0.152290157428045,0.931391159781484,0.207159002584553,0.362304394404216,0.368435829519031,0.082640550487376,0.093614431467178,31.4140839375283,6.3646999057978,9.08369516042003,1.13194501154014,0.149894999439943,0.141032314392925,3621.53332328746,9.20411699938904,0.483071764909131,0.00274347796889,0.059650851040025,0.002599015241467,1.52976745257528,0.000747637323995,1.16516595601882,0.037333644719085,0.648536483588679,0.029911013366417,,0,,2731,2373,2839,2543,0.004044988380314
48,9965715,5860,2.9206,97.236,180,0.041,0.18,9.2,+AC0-0.44,0.7506,0.0077,0.0494,0.015,4.2724,1.2087,1.3266,2079.3,L,0.8624,0.0088,0.0399,0.015,9.099501,0.6507368,MS,1.74714010603152,0.049745771355809,0.047769297850906,0.525063034403384,0.053318431922635,0.047216072920926,1.01800714992068,0.056493191530644,0.06152084211086,2.05773404766172,0.09921701471921,0.095760719449382,5.6246695678934,0.250115489472472,0.284941571484634,10.1314031651151,0.288468259428893,0.277006986315074,2086.43978175665,6.25951844200563,0.458717706934549,0.005198650346311,0.078105656791982,0.003603638937075,1.14147033370206,0.002423408614374,1.27459282784164,0.033754000414053,0.853915531978163,0.032925989041987,,0,,8178,3866,4575,3968,0.00981597268226
49,10068307,6132,2.3616,53.945,77,0.019,0.1,2.8,+AC0-0.23,0.0958,0.0044,0.0209,0.018,3.9666,1.469,2.0823,995.1,L,0.0798,0.0044,0.0095,0.018,8.101827,0.69298553,SG,0.707385207267226,0.033102752679123,0.031137548871265,0.747191367487963,0.073301089909823,0.045950898851371,0.726970336984352,0.072125218920945,0.104364314767924,1.06485728239087,0.130105341871959,0.123201827154627,10.8691317329612,1.12712985686992,1.51284210974993,6.43874379722905,0.30130704076682,0.283419412218551,990.407283761823,2.79966904770436,0.421513455921577,0.004187078106275,0.068836617333547,0.004252884724546,1.13315772619351,0.002962321038697,1.37761291655072,0.035040996348592,0.934411986432581,0.034976215978968,,0,,1860,1038,1462,1154,0.006187303659918
50,10079226,5949,3.0643,116.345,77,0.059,0.1,47.7,0.11,0.6548,0.0055,0.0304,0.012,4.3659,1.1194,1.1466,2653,L,0.7027,0.0055,0.019,0.009,9.990819,0.76718044,MS,0.651434877736059,0.079304315516643,0.069156306449668,0.256725746611979,0.18155046865611,0.362746703528881,1.31116345354149,0.408437631926159,0.184386607997825,0.689374596765141,0.081403275349297,0.148949808651972,16.7892378522296,2.98303823549709,2.24796615224099,3.26501225774674,0.397475743322059,0.346613600185744,2655.14446931095,8.71491957531998,0.470762333935889,0.002780502561551,0.081871097002261,0.003018684098229,1.35045113725197,0.001393703860906,1.23773618781912,0.057666759949347,0.741000988149072,0.045010849611093,,2,+ACI-low quality data, little dodge+ACI-,1517,1189,973,1132,0.003137465754183
51,10162436,6146,2.4574,55.725,77,0.035,0.1,4,+AC0-0.16,0.1118,0.0055,0.0095,0.018,3.9809,1.4481,2.0373,1052,L,0.0958,0.0055,0.0209,0.021,8.514332,0.686676,SG,0.839588482728926,0.053835097561886,0.049858107959939,0.902747309539064,0.016473359703438,0.013382367111972,0.44468245519886,0.032203015029919,0.036876504583867,1.96774952779929,0.174996595170549,0.140084108966197,5.8818838099613,0.390902986382102,0.574150310998657,7.4769302507258,0.479426859457282,0.444009896893717,1043.65302357604,3.53628854111685,0.428825070353819,0.005174181396703,0.069423221121559,0.004306053868545,1.1123355274893,0.003338888445902,1.37589461757088,0.042884464671676,0.968437894590056,0.04508152662351,,0,,1097,1107,1554,1105,0.004979138574303
52,10454113,6177,2.8886,105.063,77,0.031,0.1,8.2,+AC0-0.07,0.527,0.0055,0.0304,0.009,4.3142,1.1688,1.2456,2357.2,L,0.559,0.0055,0.0209,0.009,8.549732,0.7091837,MS,0.757794454833303,0.071387191031209,0.07046950813374,0.756138591197802,0.377675297078268,0.098380435392126,0.713404080197069,0.167231905047138,0.469256711390042,1.15696288643398,0.376726572687496,0.393626863290566,10.0038422141186,2.53953718181038,4.83022050685431,4.1260253723659,0.388687670618405,0.383691087581152,2366.68872582753,7.46430083423911,0.468687271093199,0.004102296552084,0.086650172161066,0.003846847766188,1.20625238920627,0.002486378049873,1.24446140552121,0.032421627075768,0.793124822081545,0.029051055485629,,0,,2065,1034,1443,1080,0.004717425200787
53,10516096,5964,7.0089,84.424,77,0.022,0.1,4.6,+AC0-0.11,1.4533,0.0099,0.0608,0.021,4.169,1.0586,1.3986,1689.8,L,1.3255,0.011,0.0494,0.024,9.414386,0.7613535,SG,0.481818691880464,0.02685453362729,0.025527611921993,0.312593093513641,0.213324158675212,0.252093104250747,1.2528746195524,0.282131271711352,0.218489007098805,0.511570812021927,0.040419425595061,0.08099999703314,22.6245786551259,3.09261048268037,1.94093130820984,2.9456357348419,0.164177262584667,0.156065024395634,1694.61141350299,5.08899327983136,0.439457463840172,0.003261300705697,0.064525142117863,0.00280102689664,1.32042436431441,0.00196611091841,1.27554975791262,0.035664713992376,0.815359053067247,0.029049050091503,,0,,7525,4573,4286,4558,0.006089210568475
54,10644253,6045,2.3936,123.08,77,0.056,0.1,21.3,0.06,0.9582,0.0066,0.0399,0.012,4.3956,1.0985,1.0987,2899.7,L,1.1179,0.0077,0.0399,0.015,9.12499,0.7522421,MS,0.242567459703359,0.076364031997582,0.0838883340439,0.565147582187969,0.383797313172003,0.338807686916266,0.970184188597088,0.528318157177061,0.418252824383902,0.304538520003757,0.108671603033043,0.308450492867304,38.0052881394521,19.1239153369428,21.0862333223781,1.16496676665521,0.366749767482296,0.402886361553718,2905.91078989754,8.49385675891017,0.466515868644698,0.002931297486728,0.096686399829512,0.002980461469623,1.31582477283115,0.002071317653639,1.28415933083666,0.044124987499903,0.848462708987961,0.040159319863686,,0,,1075,4853,1252,3391,0.004775817997145
55,10730618,6150,3.0483,66.333,180,0.061,0.18,14.6,+AC0-0.11,0.2875,0.0077,0.0494,0.03,4.0623,1.3379,1.7794,1282.1,L,0.4631,0.0066,0.0399,0.024,10.375351,0.6479645,SG,0.558690873778721,0.2468947103782,0.228684450254473,0.564538454354581,0.379883046887639,0.306233815614127,0.970922353616984,0.456896828371662,0.414152744268211,0.719475442350039,0.333752350805555,0.587669811434372,16.0868229728613,7.23235456430357,13.9193604246821,4.34557285246562,1.92038030544563,1.77873844991508,1289.20483237865,7.25430400126947,0.456652434646291,0.007292181416002,0.062908729782395,0.004793016723793,1.03596529945181,0.004374158736253,1.2067914195136,0.055565489372616,0.733360427465792,0.071356487202537,,0,,1242,5753,2336,4980,0.003171637521022
56,10963065,6140,7.1526,103.179,77,0.027,0.1,6.7,+AC0-0.19,1.613,0.011,0.0608,0.021,4.2768,0.9883,1.1946,2203.7,L,1.9164,0.011,0.0608,0.021,8.699197,0.7053232,MS,0.668826772376505,0.028298417611374,0.026334222909548,0.745110488343086,0.056844677915598,0.040113542681549,0.730095836361048,0.062357353986195,0.081604630306447,1.00595265422909,0.103868663462226,0.091818875906345,11.5055853394364,0.962340447076898,1.32478765733413,3.49251299903345,0.147770088521761,0.137513358659729,2207.94072381143,5.52751601246655,0.462752099475604,0.003573473906698,0.071394088375767,0.002595779238079,1.27791094933867,0.002082067763736,1.29485080942146,0.029256536793443,0.816528538133896,0.024847356109197,,0,,3932,2438,2996,2630,0.005980005005634
57,11081729,6548,1.8825,90.116,82,0.048,0.1,11,0.11,0.4152,0.0099,0.0494,0.018,4.2449,1.298,1.4226,1968.3,L,0.5909,0.0088,0.0399,0.015,8.927005,0.5932684,H,3.34865926742986,0.099750598547865,0.09824277555945,0.123032967830297,0.085474171513869,0.100561951154673,1.4474508312902,0.102155723201056,0.085777863100076,3.3903924920924,0.104406489892046,0.102867391570769,3.41378589691479,0.100527074485151,0.108467109131059,20.8235915002707,0.620297722217195,0.610921345745908,1978.41744764613,7.24421761267149,0.468378586429007,0.005922310805859,0.071969660585604,0.00653612174856,1.02167764844194,0.003883710341107,1.35065098739257,0.043312670423182,0.924360468183142,0.053414460563631,,0,,1733,2396,2320,2394,0.00410037817142
58,11253226,6642,1.5951,76.858,77,0.026,0.1,10.6,+AC0-0.08,0.1278,0.0055,0.0095,0.015,4.1734,1.4082,1.6145,1590.6,L,0.0639,0.0044,0.0209,0.012,8.360672,0.55768776,SG,2.55332579140515,0.1182896160908,0.107214081070863,0.652112854425537,0.08662123001758,0.055663984240078,0.860428260344139,0.075978151297654,0.109338848508887,3.37625635357937,0.369072710111642,0.316607476642414,3.42807916945861,0.293906178705333,0.420729369662372,18.019641778846,0.834807886752436,0.756644271972007,1590.39088014953,6.39452839618639,0.472137291078454,0.008160556087547,0.070876156942679,0.005763802198081,0.927548667906837,0.005855468020737,1.31714705112786,0.038998545128143,0.851138268260334,0.047971408894632,,0,,1909,1251,1728,1355,0.004488888147303
59,11772920,5180,10.666,157.746,180,0.032,0.18,55.1,+AC0-0.09,2.9704,0.0055,0.0399,0.012,4.5001,0.8287,0.8438,3674.7,L,2.7309,0.0077,0.0399,0.015,9.654076,0.97848034,MS,0.305113967718041,0.036333221586432,0.034442904794499,0.329500820486201,0.214392126576145,0.223162052251428,1.23502150530155,0.249781221745983,0.220410401235759,0.329676020678931,0.043118736001273,0.051039496565981,35.1074186418445,4.70657191516833,5.28266996745612,1.12539111559538,0.13401249729778,0.127040198588507,3672.13791071295,10.0967599662822,0.484380583418755,0.002020365721878,0.052310337066971,0.00169076319951,1.51790819072744,0.001135582580824,1.24390097929457,0.055428090324788,0.665806223628898,0.045663766496184,,0,,1441,673,296,607,0.0029280704704
60,12009504,6179,3.9746,88.217,77,0.026,0.1,7.7,+AC0-0.08,0.4312,0.0066,0.0399,0.015,4.2108,1.1688,1.4016,1865.6,L,0.5749,0.0055,0.019,0.012,9.255096,0.6928663,MS,1.16031102832901,0.035494208613209,0.034052520607736,0.319879368939432,0.135048496546601,0.092290854915069,1.24519416288659,0.099232582703886,0.139702396468979,1.22570640325513,0.066712324458379,0.071491293297475,9.44277850172235,0.520411381745552,0.543531425889355,7.10886686146135,0.217462040111446,0.208629263522713,1868.70757876369,5.81487413922696,0.459361896770339,0.003812151799194,0.068267847621875,0.003529353986545,1.2021636059888,0.002407408704187,1.29834918386951,0.032781357288639,0.828855011625652,0.031432974569584,,0,,6277,2405,3954,2458,0.005806136556642
61,12069127,6276,2.0103,48.4,77,0.048,0.1,10.1,0.08,0.1278,0.0055,0.019,0.021,3.9116,1.5678,2.2983,884.7,L,0.1118,0.0044,0.0304,0.021,10.62014,0.678072,SG,0.540798605853263,0.329467046405243,1.25749989785461,0.958215337296163,0.629090514700191,0.025504809044371,0.290099782606407,0.109410998274627,0.945319825924823,2.20763208702602,1.95151154729812,6.23737184539615,5.24279779436695,3.87227455089029,39.9471514428427,5.4330556331476,3.30994343002097,12.6332923749721,885.646195003295,5.2544175527795,0.43537210013772,0.00783757240769,0.078961513724384,0.006227905689533,1.05504238530611,0.006215774199535,1.23240820474507,0.041786101710262,0.763877895525766,0.054593559630561,rhat+AF8-01,1,+ACI-funky sampling in cosi, median looks good+ACI-,114,159,148,134,0.002206862824218
62,12069424,5825,6.6735,103.277,50,0.021,0.03,4.6,0.1,0.7666,0.0066,0.0209,0.012,4.2867,1.0491,1.2156,2188.5,L,0.8145,0.0066,0.019,0.012,5.80321,0.8201175,MS,,,,,,,,,,,,,,,,,,,,,,,,,,,,,,,empty,,,,,,,0.006425685073294
63,12069449,5750,7.3922,116.929,50,0.012,0.02,5,0.05,0.9103,0.0066,0.019,0.009,4.3527,0.9883,1.0957,2561.3,L,0.8943,0.0055,0.0209,0.009,6.0568113,0.83186626,MS,,,,,,,,,,,,,,,,,,,,,,,,,,,,,,,empty,,,,,,,0.005622526134872
64,12258514,5964,4.0544,74.799,77,0.016,0.1,3.3,0,0.1597,0.0044,0.0095,0.009,4.1261,1.2581,1.6055,1512.7,L,0.1757,0.0033,0.0095,0.012,8.008107,0.74437475,SG,0.393983206714198,0.034910594054419,0.035134928740039,0.819142601702332,0.287167624097848,0.060691861744225,0.610881672761862,0.115599141554331,0.398983394507952,0.691158779533023,0.258792542461946,0.191519417860833,16.7459020117959,3.63345161209411,10.0232420739519,2.76496661776085,0.245001882114965,0.246576258652786,1512.66205297319,4.00035170015804,0.444920141769287,0.004485961527224,0.064383146041168,0.002831173249995,1.28339351325893,0.002035162095463,1.28123825519377,0.029373015924012,0.818315632833441,0.024877786977787,,1,+ACI-bimodal split, unimodal period, dodgy+ACI-,974,594,567,578,0.005846505220617
65,12317678,6580,2.4574,63.464,77,0.025,0.1,5.5,+AC0-0.28,0.1757,0.0077,0.0095,0.018,4.048,1.3379,1.8154,1212.4,L,0.2236,0.0088,0.0399,0.018,8.649487,0.59700966,SG,1.2740656807068,0.137651282230895,0.127262467394579,0.816577646046471,0.113609790190525,0.048578723903969,0.615339285597116,0.090005050951913,0.175895198933557,2.22763096250187,0.572093936767045,0.482262957777226,5.19568756333029,0.924644336153035,1.79544228770248,10.1103460405967,1.09233151584001,1.00989109338975,1216.88765141614,4.37472856354839,0.440480267118347,0.006644041274704,0.077161782101112,0.005299257992571,0.928538458746802,0.004466133626806,1.3594433818604,0.050280322658127,0.939793410391395,0.067351928476173,,0,,1481,1499,2031,1651,0.004390148106854
66,3425851,6343,3.32,92.6,85,1.5,0.1,60,+AC0-0.04,0.64,0.008,0.049,0.018,4.243,1.178,1.36,2038,K,0.85,0.008,0.049,0.015,10.550611,0.6510105,H,1.17436492424274,0.617950677118322,0.478840731338523,0.486463909031097,0.329158330602525,0.299954342364048,1.06275840743357,0.396950907668675,0.350076253022436,1.4319477869642,0.739730515760688,0.722139111029106,8.08274904403979,2.70967235891706,8.63754204656919,6.98142137602699,3.6736230600093,2.8466355291008,2036.05206267017,9.87909225213321,0.460334101695951,0.008036137858853,0.077102769031971,0.007422674720124,1.16351910387883,0.004067709865381,1.13224248113879,0.079556556595282,0.732592139921541,0.07440853016203,,2,+ACI-low quality data, little dodge+ACI-,1909,2519,2552,2332,0.00710292580807
67,3544595,5669,6.63,145.77,75,0.45,0.1,81,+AC0-0.18,0.57,0.003,0.009,0.006,4.468,0.899,0.916,3366,K,0.62,0.003,0.009,0.006,9.862494,0.8673792,MS,0.403967946832754,0.03773007331044,0.038953778691884,0.406257740283395,0.26058081843865,0.207485543561026,1.15244144650799,0.242438331502059,0.272157721221975,0.44408515062125,0.05746730845263,0.097932824879245,26.0627360775757,4.70906378305633,3.87399424030691,1.61749986245502,0.151072353310548,0.15597210662437,3358.6102563585,9.02235230180031,0.481504210439296,0.001869875726331,0.058367872671393,0.003013383194356,0.523714905006355,0.000744567708736,1.23386863029685,0.052082810374955,0.694593691852525,0.040914715188245,,0,,4050,2578,2582,2569,0.002909018571617
68,4141376,6134,3.27,128.8,91,1.3,0.1,97,+AC0-0.24,0.64,0.004,0.03,0.009,4.412,1.019,1.039,2928,K,0.59,0.003,0.021,0.009,11.014056,0.7210665,MS,0.759614093097121,0.133877082028248,0.131600199960199,0.438996097533711,0.290408386382917,0.240215624582907,1.11631525184092,0.292206993827785,0.305341098250616,0.864415442641212,0.176298706294197,0.254243277348762,13.3894811167425,3.04309586862881,3.4304470663025,3.44993118880871,0.608028109211111,0.597687218315087,2928.04119052622,9.92338882718195,0.471200311430666,0.002748904704534,0.07761930730594,0.004644398288895,1.32114476481474,0.001840682926171,1.1421938523524,0.066185117313422,0.694496243863054,0.057039114190829,,0,,2358,2284,1858,2306,0.003099884353486
69,4143755,5622,11.27,77.2,106,1.3,0.11,57,+AC0-0.4,1.35,0.002,0.03,0.013,4.102,0.918,1.414,1458,K,1.5,0.001,0.021,0.012,11.92217,0.84471416,SG,0.17923148866307,0.047051639260419,0.084704188957708,0.697440306978313,0.462469385312693,0.25094107737109,0.798976843640422,0.476272939308157,0.534630831063452,0.240626964058512,0.087352140905755,0.512464209293992,48.0996728682896,32.7309126458177,27.4122337774145,1.10781079592065,0.290821185090096,0.523547595832614,1446.35627801903,9.38082660395344,0.414883320799747,0.003822150461708,0.083332147013002,0.004917645086688,0.487835776123632,0.003269659952522,1.17151772321892,0.076236655943664,0.745582210150273,0.059713703185695,,0,,354,1325,875,798,0.003021238883478
70,4349452,6270,3.45,98.27,79,0.57,0.1,50,+AC0-0.04,0.72,0.008,0.051,0.015,4.275,1.159,1.297,2106,K,0.81,0.007,0.04,0.015,10.63185,0.6769724,H,1.50377991576492,0.092717932049164,0.094211532230626,0.177998545655991,0.12271931582905,0.167662640439373,1.39184418461324,0.173991171598009,0.123644719918128,1.54127458750517,0.103232259123689,0.127770724227236,7.50941732467286,0.574869776593937,0.539075996717708,8.52562307016309,0.525660791322697,0.534128700776181,2117.11691204811,8.09005078684777,0.461332300636533,0.005541087308488,0.08114328953303,0.005753975626267,0.166288602744812,0.003847397728226,1.20109515698329,0.054762604273945,0.818054083800028,0.05499375489286,,0,,3878,3884,3614,3906,0.003586119977326
71,4914423,5845,6.67,81.5,88,1.6,0.11,56,0.07,0.62,0.004,0.03,0.009,4.155,1.099,1.45,1663,K,0.69,0.004,0.019,0.009,12.246649,0.8062382,SG,0.423520620353448,0.137366127646181,0.150727090807683,0.480336348673126,0.324899944038254,0.378321795673213,1.06975816890051,0.531607764380552,0.344968945683202,0.501627002565957,0.169206691985203,0.359678216209771,23.0730692211413,9.63523338094377,11.7445207816158,2.68438271718751,0.870661878688807,0.955347102671013,1659.71094333836,9.46560939823303,0.441931486349279,0.007220843481883,0.067170753244616,0.005937544018715,1.4048920979852,0.004830236715252,1.20846565311851,0.072106411073595,0.707254955216647,0.059551240803678,,0,,1452,2838,2534,2201,0.003417730523671
72,5094751,5952,6.35,91.1,75,2.3,0.1,117,+AC0-0.08,1.05,0.007,0.04,0.018,4.213,1.068,1.339,1745,K,1.05,0.008,0.04,0.015,12.295469,0.7770834,MS,0.386225391204606,0.161393469412189,0.268333837082391,0.621866786126173,0.418076622786221,0.315353246327295,0.899672102059261,0.543447232068422,0.465896407201512,0.506227100891382,0.23152728147694,1.13173572417089,22.8634027226402,15.797263010879,19.2701308984639,2.26059764309928,0.944644512953654,1.57057214125751,1754.51183623269,9.70514653532746,0.449108586639185,0.010233563245716,0.068089555818581,0.006215388248167,1.23178016445365,0.007368086025121,1.17267145599858,0.065542543630366,0.74447506628623,0.064797023465287,,0,,1883,3288,2051,2721,0.002928754916711
73,5866724,6169,3.89,89.56,50,0.48,0.08,60,0.09,0.48,0.007,0.03,0.012,4.224,1.199,1.399,1880,K,0.59,0.005,0.029,0.012,10.965596,0.7067919,MS,1.34317315267467,0.077114383714495,0.068883481166562,0.157478166593151,0.110021136976062,0.15836755403946,1.41265989405063,0.163211437530776,0.110661571495777,1.3708159024803,0.083501934059698,0.086499081956255,8.44320091275549,0.501147027678773,0.547670281036675,8.21394118387472,0.471579565896096,0.421244916722754,1887.46006176956,8.60981925850501,0.464954871320175,0.005497039925191,0.084509475983784,0.00486149092479,0.232998348074186,0.00291496032793,1.21525077754086,0.042845572234255,0.739434852156452,0.044027293891094,,0,,6346,4209,6260,4261,0.002267662114193
74,6196457,5871,5.52,66.6,94,1.1,0.11,53,0.17,0.48,0.005,0.03,0.012,4.049,1.209,1.716,1299,K,0.51,0.004,0.019,0.012,11.745063,0.79757977,SG,0.433971075810601,0.193954631675923,0.284011032403268,0.608601690239041,0.40898473873538,0.309085538417852,0.916499188059477,0.507922542562996,0.453330148165247,0.559343632738328,0.269462227399972,1.10659829395628,20.692242583579,13.7447581700025,19.2346856743071,3.25521696294638,1.45485365791758,2.13036670385498,1296.16752987475,9.37384702074496,0.4390923004695,0.009369229069746,0.092379842000096,0.009193450137093,1.31004539952623,0.005368637463193,1.13725582459184,0.076613151538935,0.713148234251911,0.066178441794683,,2,+ACI-low quality data, little dodge+ACI-,1243,3473,2060,3056,0.002783251524691
75,6278762,5046,11.54,179.64,74,0.76,0.09,144,+AC0-0.37,0.94,0.002,0.011,0.003,4.56,0.739,0.748,4538,K,0.99,0.003,0.009,0.006,,,MS,0.301131174329217,0.086605709055892,0.086466722017861,0.466771161673484,0.31355831505409,0.375082862291815,1.08516004999195,0.515073239727513,0.331817583971294,0.351041333960843,0.102277825647435,0.243550992063587,32.9706881431425,13.5051103659028,13.5557266900895,0.984598539796438,0.283171793370158,0.282717352095518,4530.9635403495,10.2237762032737,0.482358051179129,0.00440641770454,0.052357587188533,0.003715104146634,1.49675971716334,0.002600232483215,1.15432137476112,0.075501473713515,0.681593810015231,0.059676351875032,,2,+ACI-low quality data, higher low frequency peaks+ACI-,164,755,209,489,
76,6521045,5825,6.5,77,75,1.1,0.1,31,0.02,0.56,0.004,0.019,0.012,4.125,1.108,1.513,1502,K,0.46,0.004,0.021,0.009,11.12934,0.8210907,SG,0.447805117611434,0.02462845160903,0.025516219277754,0.247125860362742,0.166923613370724,0.182813884937778,1.3210833379308,0.194713049325465,0.169424509832985,0.467083448630728,0.032495292653999,0.041686526778546,24.7794566740289,2.03032712812684,1.85282475148489,2.96162353233001,0.162883805882371,0.168755185005863,1503.34079115913,5.58391635164162,0.429537206643436,0.003326213760423,0.068592667716082,0.003503626548331,0.341169273691275,0.002333592109499,1.24744960749835,0.037199747574773,0.795239897787183,0.03237637918558,,0,,4256,3647,3913,3680,0.002592594033306
77,7670943,6463,2.78,88.6,110,1.3,0.11,73,0.09,0.51,0.008,0.051,0.021,4.228,1.239,1.417,1895,K,0.62,0.008,0.04,0.015,10.865152,0.6656647,H,1.83359965620254,0.144700718418271,0.141462341387594,0.247484113784901,0.167862463140735,0.187950295814285,1.32071359947721,0.200438057875082,0.170376707306649,1.91429078020658,0.172223311605517,0.205653233467526,6.04614209937833,0.586529015173145,0.597730358513575,11.3573298937904,0.896277324979632,0.87621879359113,1893.52810185165,8.49383904206707,0.459527637057355,0.005641492832894,0.077108886766707,0.006649568128949,1.1482366725449,0.003068312214023,1.16292154273843,0.040733128746176,0.67100926496472,0.054092760021318,,0,,5763,4286,5507,4426,0.003769627613259
78,8077137,6072,6.23,68.8,75,0.64,0.1,39,+AC0-0.09,1.23,0.01,0.049,0.009,4.056,1.117,1.632,1324,K,0.56,0.013,0.04,0.018,11.288569,0.70933723,SG,0.843850076870436,0.067175645970868,0.060766275915623,0.296236418949582,0.192548823565056,0.200954725718432,1.27004654340572,0.219608632160135,0.196875490404734,0.892238238609086,0.083943174300034,0.113430844171093,12.9719547934326,1.46312522220886,1.34716527218905,6.01987287924913,0.479218833309606,0.433495553752961,1320.08165902763,6.99245297746847,0.4379920010076,0.005269113751683,0.075056204110064,0.005653192149118,0.268723912780537,0.004436892414492,1.23386702027184,0.04271224339364,0.797033808338201,0.046796783853092,,0,,4014,3075,3345,3093,0.003378448716224
79,8292840,6239,3.85,92.85,94,0.35,0.1,37,+AC0-0.14,0.75,0.008,0.049,0.018,4.24,1.148,1.345,1983,K,0.81,0.008,0.051,0.015,10.454015,0.65677834,MS,1.44866388220311,0.074810528210888,0.072676289647723,0.237957970808828,0.153174053908401,0.150305674735361,1.33053343929832,0.158483784887006,0.155377064688346,1.50183997595613,0.091042894757363,0.110499652137866,7.706596097966,0.528161800652648,0.497329354965805,8.51710082764331,0.439832054604956,0.427284268154262,1977.07796883377,8.1536830798118,0.459154263505472,0.00410608441092,0.0812035445947,0.004593196883453,0.172478877645412,0.002517859860791,1.2354517204063,0.044978498440996,0.776290529578076,0.043553089103266,,0,,3976,2389,3499,2419,0.002388575693007
80,8349582,5699,8.03,83.6,74,1.4,0.1,90,0.3,0.7,0.004,0.019,0.009,4.163,1.068,1.417,1677,K,0.8,0.003,0.021,0.012,12.304376,0.8942957,SG,0.228846827516446,0.063764317188242,0.069326706356585,0.505754917559275,0.336741992521325,0.307769559488682,1.04053949481336,0.419930532236852,0.360428731479264,0.277677391958071,0.088704270547365,0.155235435200328,41.6817308817085,14.9463852104454,19.5654666889724,1.41747894992217,0.394956654419858,0.429410134255992,1676.87368344265,8.09115730290955,0.427861675152926,0.003652017340337,0.058362546020043,0.003363097387581,1.35011753465872,0.002890852123259,1.28170415294204,0.073645574182119,0.77450928547678,0.061850560951571,rhat+AF8-01,1,+ACI-funky sampling in cosi, median looks good+ACI-,135,756,208,390,0.003999867893684
81,8478994,5417,5.35,178.7,75,1.4,0.07,50,+AC0-0.32,1.01,0.002,0.011,0.006,4.57,0.81,0.772,4660,K,0.91,0.003,0.019,0.003,9.549876,0.93386936,MS,,,,,,,,,,,,,,,,,,,,,,,,,,,,,,,empty,,,,,,,0.003648951616357
82,8494142,6144,2.62,61.8,106,0.76,0.1,81,0.13,0.24,0.005,0.019,0.012,4.038,1.418,1.887,1133,K,0.26,0.005,0.03,0.012,11.874623,0.74089336,SG,0.672011040980136,0.282954744768742,0.2184288103613,0.457187383138941,0.306394183328976,0.320234040104631,1.095966189243,0.415725613756649,0.323459538843967,0.797303929449543,0.322986079666676,0.355092435397573,14.5165146992144,4.47302960359936,9.88500061737599,5.54306766792447,2.33394572643606,1.801705035517,1139.08466966957,9.09452658483724,0.445035581797425,0.007408520605708,0.087940321312465,0.007242077285705,0.260290311828046,0.005834768488736,1.15059226686015,0.05580867182008,0.701994629060645,0.058829078352939,,0,,1773,6706,3680,6117,0.003268505109731
83,8554498,5945,5.6,61.98,60,0.96,0.05,76,0.17,0.42,0.003,0.029,0.015,4.007,1.197,1.794,1153,K,0.45,0.003,0.021,0.015,11.596043,0.82433605,SG,0.247565971510372,0.091355827320159,0.20725535975218,0.667307135309308,0.462256539601384,0.312625440780035,0.840209058903076,0.639535705285324,0.524071866674307,0.324094193549608,0.135355869430377,2.35458848358093,35.7120687018896,31.3912603561954,25.6113234414594,1.94140104983666,0.716408228424972,1.62528707217866,1145.13497230453,7.09960973564012,0.438214839203174,0.004661191405239,0.083988167186745,0.004286502014949,1.3214810021135,0.00252612895269,1.27368981395717,0.064725512997678,0.74385535403376,0.051352721479476,,1,+ACI-funky sampling in cosi, median looks good+ACI-,732,1475,1612,1081,0.002683192867372
84,8866102,6325,2.6,94.5,75,0.6,0.1,32,0.01,0.53,0.008,0.04,0.015,4.262,1.228,1.357,2014,K,0.56,0.007,0.042,0.012,9.374802,0.6507549,H,2.15419775905709,0.044129404778206,0.04261158533674,0.20407194997825,0.113045299716854,0.078831701242578,1.36528071314812,0.081304472248377,0.114362786740209,2.20188753808261,0.061936084266133,0.066732225176385,5.25643289061613,0.154619769853904,0.15213563248613,12.7781296168113,0.261763921997323,0.252760619734845,2040.27327963372,7.70720608170564,0.45850409014202,0.003977176723051,0.08712956787231,0.004070624936271,0.132372797786115,0.002592051017691,1.32766593596406,0.037198931574273,0.890464774781204,0.036641147971772,,0,,5735,2512,4643,2535,0.010093508894253
85,9592705,6174,2.33,53.54,92,0.32,0.1,21,0.22,0.16,0.003,0.021,0.012,3.961,1.509,2.124,1008,K,0.18,0.004,0.029,0.015,10.966326,0.74557877,SG,0.925450610642915,0.087094716406691,0.086138237788563,0.510446429645026,0.287894495702307,0.168903404288334,1.03509245734663,0.211172394071635,0.311272596192926,1.07830706849468,0.174241603993331,0.239180361381864,10.7335604235957,1.94860063946761,2.06869177496363,8.59230392610031,0.808626916571943,0.799746534527502,1007.40659500441,5.60307776108402,0.433968800505548,0.009858134331641,0.079335877101546,0.005973416481504,0.13444080434922,0.005879185264272,1.21567994527399,0.042434276879532,0.768218505401407,0.052090047711112,,0,,1482,2214,2356,2360,0.002203045207327
86,10514430,5784,7.84,70,98,1,0.11,30,+AC0-0.11,0.91,0.004,0.021,0.018,4.061,1.059,1.59,1303,K,0.4,0.004,0.04,0.015,10.771047,0.79824734,SG,0.176588608640745,0.046802603591295,0.053191860340024,0.541694287477319,0.38035249307087,0.363168929213781,0.998344894993101,0.558607166700675,0.410401322320998,0.21611471023196,0.066090260150137,0.223852955707195,53.555235074569,27.248587823305,23.5926843778679,1.22733093490591,0.325288724249457,0.36969550971049,1297.40696076521,5.88282425602552,0.425916861039635,0.004745935591353,0.082623158052172,0.00497756732186,1.4075169213902,0.002490928504061,1.32405622425418,0.057526773601083,0.771434876839575,0.043947380426922,,0,,314,1136,568,701,0.003702536685676
87,10586004,5770,6.43,69.2,83,1.4,0.1,40,0.29,0.61,0.005,0.03,0.012,4.071,1.178,1.653,1395,K,0.64,0.005,0.021,0.009,11.64366,0.8412609,SG,0.484220803293426,0.168506651880746,0.164321543852813,0.510237604627084,0.336076830037305,0.289057872385027,1.03533528544852,0.390660892811541,0.360407586420756,0.590417969405245,0.21324091943679,0.295857615558438,19.6031873584965,6.54395981643485,11.0828711603983,3.49879235683916,1.21756393295569,1.18732396003201,1393.88321822356,10.1063227057746,0.422526893034123,0.008449766752833,0.075781607768225,0.006860927862423,1.47411589056096,0.005698899966575,1.06099991192592,0.08164914213543,0.75405262543578,0.065078977318955,,0,,197,680,149,524,0.002608388296443
88,10666592,6350,2.11,59.22,80,0.59,0.08,110,0.26,0.24,0.009,0.04,0.015,4.017,1.497,1.986,1115,K,0.29,0.007,0.042,0.018,10.3654175,0.64158916,SG,0.913349723576764,0.106022529438993,0.108547710758075,0.679023323429634,0.410740787014351,0.165161703298089,0.82436492238362,0.258611612482474,0.47482163381998,1.22470393049103,0.338591973558516,0.63345697066771,9.45050790052381,3.22172864521965,3.6111306631599,7.92899634300631,0.920405652400029,0.942327324819237,1123.02357534223,5.12256987745627,0.429697279315982,0.008317579370364,0.088914134054409,0.006312273403174,+AC0-0.015056320143221,0.006842917469322,1.33315906637964,0.051784551583525,0.942730934863475,0.063558596660832,,0,,1842,2512,2310,2545,0.003539975002848
89,11133306,5982,5.14,107.9,82,1.9,0.1,95,+AC0-0.02,0.88,0.007,0.03,0.012,4.314,1.059,1.189,2381,K,0.86,0.004,0.04,0.012,11.783586,0.77028847,MS,0.386591960971106,0.134437882895837,0.139823767797436,0.530311577227442,0.354973659125745,0.299995676399683,1.01182828511136,0.420690737767744,0.382719047229176,0.469949698899407,0.172778866236455,0.322608948749339,24.6283256453211,10.024896146606,14.3192183636403,2.00926188144061,0.698723565915976,0.726716008395707,2380.05787958003,9.99212684435315,0.468230156409578,0.002800995621531,0.06377318353149,0.004784544158807,1.31853450245318,0.001938866723682,1.14139212951148,0.086642620901211,0.743919465312499,0.070763026016499,,0,,1723,4901,2001,4066,0.003811857132499
90,11295426,5793,6.31,101.57,74,0.1,0.07,13,0.12,0.34,0.003,0.019,0.006,4.28,1.068,1.237,2154,K,0.32,0.003,0.011,0.006,9.933549,0.8083792,MS,0.222529412800696,0.030565742758209,0.029361428096896,0.565596187870914,0.366203320187042,0.25676689559571,0.96964032095929,0.364395951807286,0.400417694512607,0.271596350505934,0.057720878775732,0.140654798159144,42.6149839179338,14.5396829459241,11.5009650693305,1.20325865238079,0.165274756165382,0.158762798855217,2152.09929326784,6.52168034969964,0.462439556724184,0.00285930029967,0.057129815228655,0.002558985931598,0.385837432080383,0.002307238369809,1.21847280851407,0.04034778249483,0.80330705324212,0.034580990251914,,0,,3533,3236,3747,3441,0.00214363072884
91,11401755,5911,7.1,67.9,66,1.2,0.06,44,+AC0-0.2,0.59,0.004,0.021,0.021,4.039,1.059,1.632,1250,K,0.61,0.004,0.03,0.015,12.076706,0.74852943,SG,0.553906410974038,0.101476887527411,0.08859259304379,0.428282683733867,0.289735419619188,0.277072894839033,1.12820483769358,0.340333157184586,0.303597108158486,0.626453320377345,0.126811004846509,0.192850102895237,18.4755570843519,4.34883217960942,4.68916238566321,3.95146753251621,0.723917648218301,0.632003436137093,1261.13519123067,8.37078472432336,0.419157423309331,0.009273355355199,0.078893544637923,0.005166603391561,0.200962661197163,0.00301078509716,1.21445720052818,0.056291850596414,0.816252529233099,0.052362185448389,,2,+ACI-low quality data, little dodge+ACI-,2637,5386,4531,5551,0.003019162853735
92,11807274,6225,3.59,75.71,75,0.31,0.08,56,0,0.45,0.009,0.04,0.021,4.135,1.239,1.582,1496,K,0.78,0.007,0.04,0.015,10.3621435,0.6872835,SG,1.42313846101641,0.069495116736156,0.067132248501029,0.227792476647215,0.152394455527373,0.156364244348041,1.3409863740975,0.164484332842152,0.154340310262157,1.47140362437663,0.086842127831133,0.105783097006369,7.86600895605305,0.527579124556413,0.493369886092617,9.84136879198461,0.480576621163106,0.464236779084674,1502.81899984679,6.26044847972071,0.444944462995626,0.004599568075279,0.084583663292592,0.005693621759759,0.179605901025765,0.003180687529494,1.2036362767787,0.032910275837123,0.757679916953616,0.044712248392001,,0,,2471,2843,2293,2858,0.003962071449405
93,11853905,5781,6.71,74.4,76,1.1,0.1,42,0.09,0.67,0.004,0.029,0.012,4.102,1.117,1.555,1436,K,0.77,0.005,0.021,0.012,12.1576605,0.82140255,SG,0.27155610038067,0.088662827837002,0.094451264503953,0.577417937365429,0.391396505969256,0.321598522849818,0.955233731715515,0.50195577310983,0.428451258043599,0.340372834086758,0.121473038625001,0.346915384784773,34.0041064702429,17.1638981783202,18.869752517876,1.84583054532928,0.602662048937195,0.64200741144087,1441.39009615605,8.61845533853625,0.434589970528445,0.004728684527932,0.063235915151019,0.004405207484198,1.34617846381533,0.002786107802063,1.22224041251399,0.070886067076546,0.824296528006795,0.065522157629084,,0,,432,2106,611,1370,0.003710589294241
94,11904151,5647,10.23,118.2,74,0.2,0.1,280,+AC0-0.15,0.67,0.003,0.019,0.009,4.344,0.918,1.066,2730,K,0.83,0.003,0.011,0.006,10.919079,0.84401894,MS,0.243933855110806,0.068542119058276,0.064945151570744,0.42492989352485,0.301460313137808,0.379153907668789,1.13191187074607,0.495248318671201,0.315098993232387,0.282674019569281,0.081333777949849,0.128148976226485,40.9449520618813,12.7720540559806,16.5401983716962,1.13666151464848,0.319386535463095,0.302625702856801,2725.46379302576,10.034298436985,0.475067482266023,0.002921293536508,0.042349876909762,0.002941455562123,1.38848975024101,0.00257213269705,1.13219142494204,0.067785310732762,0.810174095011084,0.062997734321644,rhat+AF8-01,2,+ACI-low quality data, little dodge+ACI-,253,845,460,549,0.002469115222603
