,KIC,Teff,age,dnu,eTeff,ednu,efeh,enumax,feh,loage,lomodlogg,lomodmass,lomodrad,modlogg,modmass,modrad,numax,source,upage,upmodlogg,upmodmass,upmodrad,G,bprp,flag,nus*,l_nus*,u_nus*,cosi,l_cosi,u_cosi,i,l_i,u_i,nus,l_nus,u_nus,P,l_P,u_P,vsini,l_vsini,u_vsini,chainflag
0,1435467,6326,3.0164,70.369,77,0.034,0.1,6.3,0.01,0.3513,0.0088,0.0513,0.021,4.0997,1.3189,1.6925,1406.7,L,0.4951,0.0088,0.0304,0.018000000000000002,8.779618,0.65381527,,1.5454028390882542,0.051506396322183345,0.055462336982567084,0.38240598211345234,0.06853889358951426,0.10282704925465586,1.1783975364086063,0.1142308665127727,0.07313557991659358,1.671453380870661,0.0779927837456953,0.14208491687141822,6.924556923569675,0.542516858184138,0.3389261490399864,11.433317261449844,0.38105855331087923,0.41032569550425,0
1,2837475,6614,1.6269999999999998,75.729,77,0.040999999999999995,0.1,8.2,0.01,0.1757,0.0066,0.0209,0.018000000000000002,4.1635,1.4291,1.6385,1557.6,L,0.1118,0.0066,0.019,0.015,8.398082,0.57503986,,3.117215865774102,0.048081203144678675,0.04941686460147654,0.36289038456500156,0.03155696359974597,0.030044240325737936,1.199428468925546,0.032452880971081344,0.03365138256939049,3.345075380977406,0.06140707258848366,0.06753184112062671,3.4600338575036576,0.06847036341936219,0.06470524130976507,22.326219770345595,0.34436867847910335,0.3539349942260017,0
2,3427720,6045,2.2339,120.068,77,0.031,0.1,10.7,-0.06,0.2396,0.0055,0.0095,0.009000000000000001,4.3868,1.1079999999999999,1.1167,2737.0,L,0.2396,0.0044,0.0209,0.009000000000000001,9.038882000000001,0.7422743,,0.3372695783995535,0.05887268323940065,0.054125787556395355,0.6285288640573556,0.36459826835919784,0.21297878372090417,0.8911360039497997,0.32040753721661175,0.4125652865028153,0.4240399922964794,0.10394815849711192,0.26931600436790826,27.29477004144162,10.601939589949325,8.863834670625511,1.6463249410582403,0.28737713974672263,0.26420596376157324,0
3,3456181,6384,2.0901,52.263999999999996,77,0.040999999999999995,0.1,8.3,-0.15,0.1278,0.0077,0.019,0.027000000000000003,3.949,1.4975,2.1483,970.0,L,0.1278,0.0088,0.0304,0.027000000000000003,9.559311,0.6523819000000001,,1.1584684951204545,0.06263364616261691,0.057069692572946584,0.8377949395244673,0.020728264839403154,0.01998642079729196,0.5775643911400647,0.03770576916727819,0.03692719559790392,2.126247375580765,0.1030829563617357,0.10213639523719475,5.443427800083938,0.24949566604776585,0.2773499904301602,10.878800879057145,0.5881722013178976,0.5359229226734712,0
4,3632418,6193,2.6331,60.70399999999999,77,0.019,0.1,3.0,-0.12,0.1757,0.0077,0.0209,0.024,4.0238,1.4082,1.9114,1166.8,L,0.1757,0.0077,0.0209,0.021,8.128324000000001,0.6891513000000001,,0.9697849544905148,0.028740487306982976,0.027388787976709517,0.34580519658245734,0.16226902566227083,0.10177092883978633,1.217699538958303,0.11095618307966837,0.16851425799300457,1.0349656353008672,0.06273453796556383,0.06540709738124129,11.183051573552625,0.6647301614259291,0.7216016573500603,8.102683877860855,0.24013064140234608,0.2288370114894427,0
5,3656476,5668,8.3663,93.194,77,0.018000000000000002,0.1,7.0,0.25,1.5651,0.0077,0.0399,0.018000000000000002,4.2251,1.0377,1.2996,1925.0,L,1.7248,0.0099,0.0513,0.021,9.472733,0.88261986,rhat_01,0.2070110486225766,0.02529622552078034,0.025024801747298514,0.5861788563333089,0.39142691273726254,0.2180080540654613,0.9444619817581129,0.30797188463944336,0.43032979985376507,0.2532998027769895,0.05448269227742408,0.1216373437608469,45.693182711498295,14.823811126453375,12.521495318040806,1.1759939830587947,0.1437034844491467,0.14216157291061982,1
6,3735871,6107,2.3457,123.04899999999999,77,0.047,0.1,16.6,-0.04,0.8464,0.0066,0.0399,0.015,4.3956,1.089,1.0957,2862.6,L,1.038,0.0066,0.0399,0.012,9.645882,0.72502613,rhat_01,0.6734410316289727,0.0786108499486744,0.0719095268959895,0.684245399134382,0.5647977144979888,0.11492585723448379,0.8172278909897217,0.17234681193247092,0.6338348702388366,0.9768550962086509,0.3695394231442689,0.20504474653658855,11.848302289881838,2.055531654430469,7.209454095909086,3.2254707439263743,0.37650957508679106,0.3444133403210685,2
7,4914923,5805,7.5678,88.531,77,0.019,0.1,6.3,0.08,1.7886,0.0077,0.0494,0.024,4.1965,1.0586,1.3566,1817.0,L,1.6609,0.0099,0.0589,0.024,9.323963000000001,0.8282193999999999,,0.385752584608561,0.02864206338609354,0.026992602884324868,0.6807054244661188,0.12089851052388534,0.09532088464651356,0.8220711607354714,0.13961556290080512,0.1545724042464096,0.5272059500698465,0.07924934012005047,0.09894216284344248,21.953610492266492,3.469047757440215,3.883878719736366,2.287507512561306,0.1698470413035107,0.1600657632511604,0
8,5184732,5846,4.8529,95.545,77,0.024,0.1,4.4,0.36,0.8784,0.0099,0.0589,0.021,4.2548,1.1479,1.3206,2089.3,L,1.5651,0.0077,0.0399,0.015,8.157801,0.82895803,,0.542197101840076,0.020963357819164363,0.01957549626872912,0.2627387231936809,0.15679766294210754,0.16639071327536087,1.3049367698882142,0.17766917952162387,0.15971931730743405,0.5648561168471973,0.028367962193118768,0.040562593530790836,20.49030492723226,1.3728348595000206,1.0834688343846253,3.129899238987587,0.12101355293518257,0.11300195199562602,0
9,5773345,6130,2.5533,57.303000000000004,84,0.03,0.09,5.7,0.21,0.2396,0.0077,0.0304,0.024,3.9930000000000003,1.469,2.0194,1101.2,L,0.2555,0.0066,0.0285,0.021,9.093297999999999,0.7112941999999999,rhat_01,1.1505206624937212,0.1289485111829083,0.08755606644697722,0.8632221680675214,0.027386425336807685,0.021004666340288525,0.5291783155832626,0.04321800072293891,0.051964628960531,2.311478664923147,0.4035175685269461,0.20343228724443518,5.007216484291687,0.4050360118153158,1.0589837729561413,10.155905387264553,1.1382575924918612,0.7728771467599795,1
10,5950854,5853,8.9253,96.62899999999999,77,0.102,0.1,21.9,-0.23,1.1498,0.0066,0.0304,0.012,4.2383,0.9693,1.2366,1926.7,L,1.1179,0.0066,0.0285,0.018000000000000002,10.908017999999998,0.7983140999999999,rhat_1,0.2894028107808976,0.10789243652696975,0.830606099641278,0.7386472898906293,0.4293610963027458,0.22163270673098545,0.7397348949188605,0.45694249398517617,0.5166190990355004,0.3902805547223706,0.18271568337874755,3.224529632806541,29.655779600007214,26.453931237619226,26.105458147806452,1.5643497557371746,0.5832061764411666,4.489792084539792,2
11,6106415,6037,5.0286,104.074,77,0.023,0.1,4.6,-0.04,1.1179,0.0088,0.0399,0.018000000000000002,4.2955,1.0681,1.2186,2248.6,L,1.2776,0.0088,0.0513,0.018000000000000002,7.059701,0.7308197,,0.69130001544727,0.015787681624179095,0.01580480714636978,0.2898567635666477,0.11370772119016664,0.08173146237531209,1.2767191538296734,0.08664198064066175,0.11700423132460247,0.7230530581677865,0.02805059474333127,0.03049152984336123,16.007226500644386,0.6477185720928986,0.6460584638203564,3.682388555054131,0.08409717463423139,0.08418839816309598,0
12,6116048,6033,9.5801,100.75399999999999,77,0.017,0.1,5.5,-0.23,1.9004,0.0088,0.0513,0.018000000000000002,4.2537,0.9389,1.1916,2126.9,L,2.1559,0.0121,0.0494,0.021,8.369842,0.73460054,,0.6224185392094979,0.020270348975102603,0.0195444191216243,0.2090975249713427,0.14251850459986132,0.15925601273805923,1.3601443336232264,0.1665854169248937,0.14402368621863726,0.639219069880666,0.027097658021555948,0.04009644570281079,18.10658445516988,1.0687370762428685,0.8015501941673371,3.2420140021841206,0.10558290132216319,0.10180172418600364,0
13,6225718,6313,2.4095,105.695,76,0.018000000000000002,0.1,4.9,-0.07,0.4312,0.0055,0.0304,0.015,4.3186,1.1593,1.2336,2364.2,L,0.527,0.0066,0.0304,0.012,7.403161,0.66492414,,0.8532994436389159,0.035243607253910625,0.03231681775798767,0.8685302188667916,0.015179256024328569,0.01279940007057756,0.518567199274257,0.026439726763002658,0.02984961771231265,1.725059259365757,0.1085781041371825,0.09788214411765206,6.709377670260597,0.360257477980511,0.4506650200074471,4.601269753308558,0.1900450601061543,0.17426285365766336,0
14,6508366,6331,2.0582,51.553000000000004,77,0.046,0.1,4.6,-0.05,0.1437,0.0055,0.019,0.021,3.9424,1.5279,2.1873,958.3,L,0.1278,0.0066,0.0304,0.018000000000000002,8.882118,0.6480303000000001,,2.337167880249538,0.038251164650392244,0.039387538021623314,0.15897770699845515,0.0905970896302432,0.06387777390534916,1.4111412221929376,0.06508753454606486,0.09122108447701183,2.3691395572074008,0.04762876587248144,0.050946147931449914,4.885349214233153,0.10284335107957698,0.10022919327401425,22.346017463410828,0.36572520121326946,0.37659023979825434,0
15,6603624,5674,7.8234,110.12799999999999,77,0.012,0.1,5.4,0.28,0.8624,0.0044,0.0209,0.009000000000000001,4.3197,1.0092,1.1497,2384.0,L,0.9422,0.0055,0.0285,0.012,9.043605,0.8940811,rhat_1,1.1076877140540602,1.0483109528599943,0.13850840449800694,0.992545610492874,0.12465507356691474,0.0022331874846898137,0.12217748795780167,0.019945114994438656,0.3976788492261458,9.457516168776367,9.368442629370909,0.18439723842022993,1.2237963824249587,0.023404552994574557,128.7146157869693,5.566775943950167,5.26837313452019,0.6960854078379635,3
16,6679371,6479,1.9464,50.601000000000006,77,0.028999999999999998,0.1,5.1,0.01,0.1597,0.0066,0.019,0.024,3.9336,1.5279,2.2143,941.8,L,0.1757,0.0077,0.0399,0.024,8.642802,0.62110233,,1.9680507421428795,0.052627792098911996,0.05420099186724636,0.39283341478249184,0.05117226062290581,0.04488362127138307,1.167085648222082,0.0493472911243118,0.055026829915531206,2.1369381088027346,0.07356403180503346,0.09635669678111825,5.416195268828175,0.23368463691240304,0.1930998193522635,19.049107093190027,0.5093935975851629,0.5246208730940012,0
17,6933899,5832,6.3381,72.135,77,0.018000000000000002,0.1,3.9,-0.01,0.6228,0.0077,0.0304,0.015,4.0865,1.1289,1.5875,1389.9,L,0.7187,0.0066,0.0285,0.018000000000000002,9.582934,0.8122387,,0.335734089474493,0.025053738320781394,0.023961854671255056,0.3910946432526593,0.2461076716862522,0.19880505568125217,1.1689756576858654,0.2291139509076734,0.2563208641847332,0.3671569776058184,0.039805286845436216,0.06067867888881945,31.523502991085692,4.470886163702911,3.833192583760578,2.3297592578457396,0.17385538325240413,0.16627847604898083,0
18,7103006,6344,2.4734,59.658,77,0.028999999999999998,0.1,7.2,0.02,0.2396,0.0066,0.019,0.021,4.015,1.4177,1.9444,1167.9,L,0.2236,0.0066,0.0399,0.018000000000000002,8.758155,0.6526804,rhat_01,1.5664839801070427,0.07536093959299683,0.07374036141423712,0.5967414300701657,0.07460884361714992,0.10681638981022368,0.9313622388872285,0.14095759787930295,0.09008454653236564,1.949169835029704,0.15865003408545753,0.3231819246204721,5.937950539867234,0.84451637331364,0.5261355382890454,13.314149892169093,0.6405216130504527,0.6267476957567002,1
19,7106245,6068,6.2732,111.376,102,0.063,0.19,24.0,-0.99,1.0591,0.006999999999999999,0.0379,0.012,4.3254,0.9214,1.0959,2397.9,L,1.0591,0.006999999999999999,0.0216,0.012,10.714183,0.75924873,,0.2695764570021124,0.1341343013278342,0.21533200337692088,0.7077934327954821,0.46492331442863716,0.23825214260645056,0.7844266192637349,0.45443659334199593,0.5410462416564036,0.3469420540381821,0.1788896521512747,1.1515838328861459,33.36026231527633,25.636619801200847,35.511558992147215,1.291382092560427,0.642558466192439,1.0315288516234862,1
20,7206837,6305,2.9046,79.131,77,0.037000000000000005,0.1,10.6,0.1,0.3034,0.0077,0.0304,0.018000000000000002,4.1635,1.298,1.5635,1652.5,L,0.4152,0.0066,0.0304,0.015,9.701858999999999,0.6637449000000001,rhat_01,1.4271264354060598,0.09586643005787598,0.08848567820381947,0.8049173240470542,0.043986472307044444,0.028196030494803903,0.6352602006476137,0.049176819904664826,0.07078956010849569,2.418189432770608,0.2733238196987253,0.23144971435799855,4.786256165191663,0.4180862041786373,0.6099206423018178,9.753538625264692,0.6551885700089937,0.6047456334155346,0
21,7296438,5775,7.2325,88.698,77,0.04,0.1,8.5,0.19,1.7727,0.0088,0.0494,0.018000000000000002,4.2009,1.0776,1.3626,1847.8,L,1.4852,0.0099,0.0608,0.024,10.045428,0.839303,rhat_01,0.17842588116514724,0.11533591202293077,0.9045763511553816,0.8670236682637399,0.5637136206731077,0.12073705744177576,0.521598775918603,0.36498254012031706,0.7410331207175463,0.2936037491413622,0.2147357408106225,6.638912178440594,39.42076003796983,37.75122559649651,107.3317044961829,1.0627426414325971,0.6869653157651308,5.387849870919469,3
22,7510397,6171,2.8247,62.248999999999995,77,0.02,0.1,3.4,-0.21,0.1597,0.0066,0.0209,0.018000000000000002,4.0359,1.3683,1.8574,1189.1,L,0.1437,0.0044,0.0209,0.018000000000000002,7.732988000000001,0.6897621,empty,,,,,,,,,,,,,,,,,,,2
23,7680114,5811,7.6796,85.145,77,0.039,0.1,7.1,0.05,1.2776,0.0077,0.0494,0.021,4.1723,1.0586,1.3926,1709.1,L,1.4533,0.0099,0.0399,0.021,10.02261,0.80933,,1.1401622440592993,0.16777471753856532,0.16517505525695575,0.9851004838828572,0.0038977445877188543,0.003775640065456942,0.17283901812934016,0.023543600434154127,0.021359062127954326,6.573961709588393,0.47162510636890875,0.7873079477124252,1.7605934727099872,0.18830029302848983,0.13606920407572232,6.940566472820448,1.0213034027414487,1.005478348924406,0
24,7771282,6248,3.24,72.46300000000001,77,0.069,0.1,27.0,-0.02,0.3194,0.0066,0.0304,0.018000000000000002,4.1118,1.2885,1.6535,1465.1,L,0.3513,0.0066,0.0304,0.015,10.712941,0.7155037,rhat_01,1.296752561667357,0.056109367234440155,0.05216938685484118,0.4750390756626641,0.1085627696059171,0.08174171056718116,1.0757878896659243,0.0954968147736468,0.11978943219741156,1.487227070579479,0.11010971092751731,0.05837661286960594,7.782318049179189,0.29393393143728197,0.6222482002529386,9.372666961964823,0.4055472324332996,0.37706984590153425,0
25,7871531,5501,9.9633,151.329,77,0.025,0.1,19.3,-0.26,1.7727,0.0066,0.0209,0.012,4.4781,0.8287,0.8707,3455.9,L,1.9324,0.0055,0.0304,0.009000000000000001,9.206714999999999,0.95205975,,0.33400116920222994,0.030610872898159946,0.025455306339297823,0.5611612644549226,0.13400181564996466,0.0957101400965108,0.9750082023167423,0.12087378142877969,0.1544392773950054,0.4089511592239832,0.058872587929785,0.04261509632470106,28.3018492902618,2.670894921118105,4.759511853012619,1.2712132276202297,0.11650542011600429,0.09688326004645775,0
26,7940546,6235,2.3297,58.762,77,0.028999999999999998,0.1,3.3,-0.2,0.0798,0.0033,0.0114,0.009000000000000001,4.0073,1.3987,1.9414,1116.6,L,0.0798,0.0011,0.0304,0.027000000000000003,7.301532300000001,0.6680560000000001,,1.128850226729281,0.032779175763248736,0.03354970236040389,0.45878823632399757,0.0944101495660864,0.08484348658109009,1.0941653698844256,0.09812708202751408,0.10366606665556799,1.2718843406678415,0.07629032481986209,0.0913949996398229,9.09994227012812,0.610065153618125,0.5806632884315857,9.579728956143606,0.27817296908159683,0.28471186660711645,0
27,7970740,5309,12.9817,173.541,77,0.06,0.1,21.2,-0.54,1.9963,0.0044,0.0095,0.006,4.5386,0.728,0.7628,4197.4,L,1.3575,0.0055,0.0304,0.006,7.749384,0.9476743000000001,empty,,,,,,,,,,,,,,,,,,,2
28,8006161,5488,3.5913,149.42700000000002,77,0.015,0.1,11.4,0.34,1.4533,0.0066,0.0304,0.009000000000000001,4.4935,0.9788,0.9247,3574.7,L,1.5331,0.0066,0.0304,0.012,7.3129287,0.98118925,nosum,0.34157053931497905,0.018916739114581416,0.016689488843863565,0.7800209822966961,0.031572673961156594,0.027690498874104685,0.676096979003975,0.045560759430023245,0.04898009611154608,0.5466306907778232,0.038506786275991356,0.035145855751260835,21.173480143201324,1.279116674493487,1.6045745232598492,1.380648529855513,0.07646258983747711,0.06745991115782912,0
29,8150065,6173,3.8309,89.264,101,0.134,0.15,38.1,-0.13,0.6707,0.0077,0.0494,0.021,4.2196,1.1878,1.3986,1876.9,L,0.9901,0.0077,0.0399,0.018000000000000002,10.689888999999999,0.706583,,0.5063068238555914,0.10784629166641707,0.0991533405634345,0.45184655299512344,0.28897503568044347,0.3315164258333172,1.1019621654195808,0.43122386960669923,0.30523382433298396,0.5719247864026535,0.131992400867048,0.2907968443868897,20.237056279766218,6.821287306988635,6.0717007530734435,3.095345818408682,0.659326622142741,0.6061815950989762,1
30,8179536,6343,3.5434,95.09,77,0.057999999999999996,0.1,13.8,-0.03,0.8145,0.0099,0.0608,0.018000000000000002,4.2548,1.1593,1.3266,2074.9,L,1.038,0.0099,0.0494,0.021,9.390101,0.6612796999999999,,1.538180687052147,0.07575369625980755,0.07103155474330092,0.5997819768113957,0.06979490890971418,0.05651062200460766,0.9275677191442038,0.07266591055891436,0.08464329238704105,1.929934688367108,0.14849301473600862,0.13993247540946507,5.997132516617869,0.40543355318822627,0.4998941586831993,8.91967886692078,0.4392843112044851,0.4119013215167655,0
31,8228742,6122,2.8886,62.071000000000005,77,0.022000000000000002,0.1,3.4,-0.08,0.1757,0.0066,0.019,0.021,4.0348,1.3778,1.8694,1190.5,L,0.1597,0.0055,0.0209,0.021,9.336569,0.7277889,,0.6463261742017533,0.03804724595850184,0.034415095215539315,0.8019372701746382,0.06694143826171617,0.035102293081815006,0.6402653390137709,0.061318902033484224,0.10487045378659421,1.0862304099843088,0.16296068512239836,0.12472902892461901,10.655266113917879,1.097494233048403,1.8806957642508433,5.281482607212267,0.31090473479637915,0.2812244561051731,0
32,8379927,6067,1.9943,120.288,120,0.017,0.15,6.0,-0.1,0.7506,0.0077,0.0399,0.015,4.3879,1.1194,1.1197,2795.3,L,0.8464,0.0066,0.0399,0.015,6.9261136,0.752151,nosum,1.1385192826485544,0.020539854537391378,0.020730891321535827,0.36031581703404914,0.055222126386586357,0.05096198343766267,1.2021898976490648,0.05524904057957025,0.058569620182145066,1.2216260939511407,0.03601917899984386,0.03765301470586602,9.474317986580541,0.28328639198987204,0.28783330363870085,5.572421259072486,0.10053121086904593,0.10146623011154432,0
33,8394589,6143,4.4537,109.488,77,0.034,0.1,10.5,-0.29,0.8304,0.0077,0.0285,0.015,4.3219,1.0377,1.1646,2396.7,L,0.9422,0.0077,0.0418,0.015,9.487703999999999,0.7004528,empty,,,,,,,,,,,,,,,,,,,2
34,8424992,5719,9.612,120.584,77,0.062,0.1,27.0,-0.12,1.7407,0.0066,0.0399,0.015,4.3593,0.9179999999999999,1.0477,2533.7,L,1.9164,0.0066,0.0399,0.012,10.269356,0.840024,rhat_01,0.21529054500162345,0.08400688541836276,0.062352276540132784,0.7380921663691689,0.5123487252795549,0.20082205786980822,0.7405580366957226,0.38922338246934335,0.6025321809582799,0.29577251728092846,0.1334971252022837,0.5426686788230106,39.131675454455866,25.327398985388776,32.191979598674685,0.9859701631820652,0.38472791512388804,0.28555589505607104,3
35,8694723,6246,4.6932,75.112,77,0.019,0.1,3.7,-0.42,0.511,0.0066,0.0209,0.012,4.1129,1.1384,1.5485,1470.5,L,0.4791,0.0088,0.0209,0.015,8.807503,0.65730476,,0.9171385168053605,0.04474570800163857,0.04319343677389165,0.8162914594691939,0.03128751628949311,0.024076039011116324,0.6158349002468677,0.04299946004663968,0.052258934326401496,1.589337344975544,0.14648717181455995,0.14124978497869467,7.282326884219351,0.5943804206320156,0.7393473612210819,6.207947195517606,0.30287572423389175,0.29236867689219004,0
36,8760414,5873,11.6642,117.23,77,0.022000000000000002,0.1,9.1,-0.92,1.6059,0.0063,0.0186,0.0121,4.3293,0.8115,1.0196,2455.3,L,1.2847,0.0047,0.031,0.0097,,,empty,,,,,,,,,,,,,,,,,,,2
37,8938364,5677,10.2508,85.684,77,0.018000000000000002,0.1,5.2,-0.13,0.6548,0.0066,0.0095,0.006,4.1734,0.9883,1.3446,1675.1,L,0.5589999999999999,0.0022,0.0095,0.018000000000000002,10.055810000000001,0.8286247,rhat_1,0.803878826391371,0.7071144328439647,0.18048277446695005,0.9879441503338844,0.43818752828094965,0.0042695656091481515,0.15543585020861755,0.030564641371820384,0.8332876188290153,5.952568053518734,5.834424275681891,0.4244465778694435,1.9443833284603191,0.12941586435418206,96.02162297123843,4.724823268737836,4.156087480198105,1.0607932245657192,3
38,9025370,5270,6.5458,132.628,180,0.03,0.18,20.0,-0.12,1.1339,0.0066,0.0304,0.012,4.4231,0.9693,1.0027,2988.6,L,1.2616,0.0044,0.0304,0.009000000000000001,8.772598,0.85172653,,0.40316861737859044,0.05338749470874843,0.04622037367556592,0.5165320660041943,0.2995239926204463,0.2569638910459585,1.0280003990203905,0.3415426682785201,0.32404747163705094,0.47644920702150545,0.08753689424039968,0.1705293019538146,24.292356677715226,6.4029303910798525,5.467755558702162,1.7670938115135726,0.23399815225065868,0.2025845583393726,1
39,9098294,5852,8.0789,108.89399999999999,77,0.023,0.1,9.2,-0.18,0.7346,0.0055,0.0304,0.009000000000000001,4.3076,0.9693,1.1377,2314.7,L,0.9901,0.0066,0.019,0.015,9.706002,0.7861614,,0.336297001745078,0.045960953999686305,0.042943333041548126,0.7047816772572948,0.22807126109487963,0.10703721641095498,0.7886809735425144,0.1651450782318966,0.28520661093728483,0.4723516474561516,0.11816470045279315,0.15007819907308756,24.503088196914042,5.908102526901374,8.174779468536073,1.6724480064742022,0.22856970324907966,0.21356268823097269,0
40,9139151,6302,1.3236,117.294,77,0.031,0.1,14.5,0.1,0.7506,0.0077,0.0494,0.015,4.3824,1.1783,1.1526,2690.4,L,0.9422,0.0077,0.0399,0.015,9.145875,0.730463,,0.9667359838563646,0.03334770005844645,0.029798879296761616,0.24844942545570559,0.13815148915434694,0.1310438410347523,1.3197171677479056,0.13816937102379612,0.1405563487400574,1.0001013858515684,0.04189694155243817,0.05575946693587408,11.572900745697943,0.6111589178855024,0.5060184705513002,4.870666244396389,0.16801434902113233,0.15013447097790333,0
41,9139163,6400,1.5951,81.17,84,0.042,0.09,6.2,0.15,0.2236,0.0088,0.0209,0.015,4.1998,1.3987,1.5575,1729.8,L,0.2236,0.0077,0.0304,0.012,8.25681,0.62723446,empty,,,,,,,,,,,,,,,,,,,2
42,9206432,6538,1.5312,84.926,77,0.046,0.1,10.3,0.16,0.3034,0.0055,0.019,0.012,4.2196,1.3778,1.5095,1866.4,L,0.2076,0.0066,0.0418,0.015,8.988301,0.5929928000000001,empty,,,,,,,,,,,,,,,,,,,2
43,9353712,6278,2.154,51.467,77,0.091,0.1,11.1,-0.05,0.1278,0.0066,0.0209,0.021,3.9435,1.5089,2.1723,934.3,L,0.1118,0.0055,0.0285,0.024,10.757383,0.6871824000000001,rhat_01,1.200877758278439,0.16862766073000945,0.15760478087717456,0.9061048231788026,0.025583192915882624,0.017853394738179373,0.4368123193422142,0.04431890357769375,0.05702245736272299,2.841867204102532,0.5086454800863698,0.5636284906008409,4.0727005368615945,0.6740545963686451,0.8878541995602696,11.403035467923642,1.6012180947825136,1.4965494146824323,3
44,9410862,6047,6.928999999999999,107.39,77,0.05,0.1,31.2,-0.31,1.3255,0.0088,0.0399,0.018000000000000002,4.2999,0.9693,1.1557,2278.8,L,1.4852,0.0077,0.0494,0.018000000000000002,10.627761,0.7192420999999999,,0.4879908203591268,0.06995884434090532,0.05879031139495905,0.8184613138455772,0.0736016446597384,0.05039116676215316,0.6120684564759884,0.09415182792544063,0.11840337497040732,0.8533437162645452,0.13828546821527854,0.12880186644672442,13.563203025515254,1.7787239429279147,2.622994579326406,2.465236774167317,0.35341877050171666,0.2969974671018223,0
45,9414417,6253,2.6491,60.115,75,0.024,0.1,6.1,-0.13,0.1757,0.0055,0.0304,0.018000000000000002,4.0161,1.3987,1.9174,1155.3,L,0.1597,0.0055,0.019,0.021,9.516585000000001,0.66290855,empty,,,,,,,,,,,,,,,,,,,2
46,9812850,6321,2.713,64.74600000000001,77,0.067,0.1,9.1,-0.07,0.3513,0.0077,0.0494,0.024,4.0535,1.3683,1.8214,1255.2,L,0.4631,0.0088,0.0399,0.015,9.374328,0.64471245,,1.7941743608901397,0.07365445086799505,0.07176494222736585,0.4784116753586872,0.10257098001456444,0.11031496274688801,1.0719512537159206,0.13063756704862817,0.11354125733832454,2.0407729335203353,0.15839727342606236,0.24623998745139408,5.671416898673378,0.6106347875834208,0.4772357425943081,14.284723886062597,0.5864165248169453,0.5713727755582028,0
47,9955598,5457,6.2902,153.283,77,0.028999999999999998,0.1,21.2,0.05,1.8365,0.0066,0.0304,0.012,4.4968,0.899,0.8857,3616.8,L,1.9483,0.0055,0.0399,0.012,9.391091000000001,0.95841694,,0.27104321926071395,0.04419872933381358,0.038439043330100175,0.5975910649920027,0.2972044472207854,0.1503912026580444,0.9303029987698376,0.2045234812097888,0.33539536261929415,0.34388724164813445,0.08403491496967186,0.084912949498194,33.65659634274274,6.664831093911683,10.884371445133105,1.0493661802387848,0.1711190263270106,0.14881992687867585,0
48,9965715,5860,2.9206,97.236,180,0.040999999999999995,0.18,9.2,-0.44,0.7506,0.0077,0.0494,0.015,4.2724,1.2087,1.3266,2079.3,L,0.8624,0.0088,0.0399,0.015,9.099501,0.6507368,,1.7509042497010312,0.04515975712699927,0.043356075317249276,0.41907729021013657,0.07267014129796318,0.05394050066315892,1.138367500895487,0.060284024958563664,0.07869043133516573,1.9326501582019269,0.0988312000112217,0.0792725642022849,5.988706246168581,0.23596338633425074,0.3227532481166957,10.153230869118701,0.26187465144484356,0.25141537142884474,0
49,10068307,6132,2.3616,53.945,77,0.019,0.1,2.8,-0.23,0.0958,0.0044,0.0209,0.018000000000000002,3.9666,1.469,2.0823,995.1,L,0.0798,0.0044,0.0095,0.018000000000000002,8.101827,0.69298553,,0.6733504025796928,0.026736306026530765,0.027150201160873855,0.7079855220258705,0.09482542741308841,0.06820407166493614,0.7841546627171088,0.10195799378417514,0.1265869246511797,0.9504914465069867,0.11461742746235459,0.1421306888754037,12.17693659465582,1.5840026796213937,1.6697362433540874,6.128953056172498,0.24335853057231382,0.24712587642797335,0
50,10079226,5949,3.0643,116.345,77,0.059000000000000004,0.1,47.7,0.11,0.6548,0.0055,0.0304,0.012,4.3659,1.1194,1.1466,2653.0,L,0.7027,0.0055,0.019,0.009000000000000001,9.990819,0.76718044,rhat_01,0.6120173745585025,0.07194070133120412,0.07661564089900297,0.2664816955316949,0.17820438200608618,0.44755026977418333,1.3010554466800313,0.525499566367004,0.18134850682723336,0.6524611485099007,0.07425857578859907,0.22245916477021277,17.7391007886222,4.510382811607579,2.2782333696426953,3.0674504822830735,0.3605690755975268,0.3840000209072634,2
51,10162436,6146,2.4574,55.725,77,0.035,0.1,4.0,-0.16,0.1118,0.0055,0.0095,0.018000000000000002,3.9809,1.4481,2.0373,1052.0,L,0.0958,0.0055,0.0209,0.021,8.514332000000001,0.6866760000000001,,0.8193811544050762,0.04384481219346248,0.040148862335030566,0.908115166844029,0.010988878793611434,0.009599648261041427,0.43203588177176244,0.023528607218407327,0.02553945302522198,1.9675995031478974,0.12869414552852776,0.10796544169938294,5.882332281321416,0.30598348876377734,0.41166975984498055,7.2969744896130955,0.3904586703728423,0.35754449888272166,0
52,10454113,6177,2.8886,105.06299999999999,77,0.031,0.1,8.2,-0.07,0.527,0.0055,0.0304,0.009000000000000001,4.3142,1.1688,1.2456,2357.2,L,0.5589999999999999,0.0055,0.0209,0.009000000000000001,8.549732,0.7091837,,0.8193181507716629,0.03997921324527409,0.04407225928464531,0.7690399821054321,0.03280680792035928,0.030746943918498748,0.6934584388550475,0.049602290798080984,0.04985074877663753,1.2771746677666087,0.06402756370984353,0.08140933830010155,9.062248388143871,0.5430298310248709,0.47828798835725017,4.4610084655045705,0.21767808825351498,0.23996383038450286,0
53,10516096,5964,7.0089,84.42399999999999,77,0.022000000000000002,0.1,4.6,-0.11,1.4533,0.0099,0.0608,0.021,4.169,1.0586,1.3986,1689.8,L,1.3255,0.011000000000000001,0.0494,0.024,9.414386,0.7613535,empty,,,,,,,,,,,,,,,,,,,2
54,10644253,6045,2.3936,123.08,77,0.055999999999999994,0.1,21.3,0.06,0.9582,0.0066,0.0399,0.012,4.3956,1.0985,1.0987,2899.7,L,1.1179,0.0077,0.0399,0.015,9.124989999999999,0.7522420999999999,rhat_01,0.33769606685272435,0.06716701907511086,0.05602999760719113,0.49567415909188883,0.33001055116465744,0.3158998701708009,1.0521854394302912,0.4282303128022321,0.3521800080755062,0.3972029231524715,0.08991917559434187,0.17910792748064241,29.138944860852163,9.05590430308495,8.526809239161253,1.6218362330821408,0.32257972744361907,0.269092504114,3
55,10730618,6150,3.0483,66.333,180,0.061,0.18,14.6,-0.11,0.2875,0.0077,0.0494,0.03,4.0623,1.3379,1.7794,1282.1,L,0.4631,0.0066,0.0399,0.024,10.375351,0.6479645,rhat_1,1.3420261270067102,0.10371744603732291,0.14770586312252076,0.7634079849944475,0.0484850265496346,0.12368512336859305,0.7022233370549971,0.22243600503845778,0.07205907407009415,2.035497829435022,0.19072030115610805,1.116983131338816,5.68611470476678,2.014697107501251,0.5878526960695902,10.438459940066519,0.806728262408253,1.1488760942056349,2
56,10963065,6140,7.1526,103.179,77,0.027000000000000003,0.1,6.7,-0.19,1.6130000000000002,0.011000000000000001,0.0608,0.021,4.2768,0.9883,1.1946,2203.7,L,1.9164,0.011000000000000001,0.0608,0.021,8.699197,0.7053232,,0.6870113361950385,0.02823027971019043,0.024859629028394337,0.7328526513559888,0.06331612894688832,0.03737796066911436,0.7482911015260222,0.05669744127881515,0.08892059085543302,1.0122953833175143,0.10956622143179107,0.07760528777142306,11.433494871964436,0.8141105541043672,1.3877083916119748,3.5874700613715995,0.14741428263085155,0.12981325078288153,0
57,11081729,6548,1.8825,90.116,82,0.048,0.1,11.0,0.11,0.4152,0.0099,0.0494,0.018000000000000002,4.2449,1.298,1.4226,1968.3,L,0.5909,0.0088,0.0399,0.015,8.927005,0.5932684,,3.3785990646788617,0.07143325947420198,0.0713603608711244,0.39300487531894923,0.04343466944566232,0.03778091555786245,1.1668991915418956,0.04146618750373787,0.046784806560258074,3.6752146253799665,0.10150991758779826,0.10062272805803296,3.1492239920370193,0.0839240357523976,0.08945268127933037,21.00977171680638,0.4442067394827234,0.44375342052423505,0
58,11253226,6642,1.5951,76.858,77,0.026000000000000002,0.1,10.6,-0.08,0.1278,0.0055,0.0095,0.015,4.1734,1.4082,1.6145,1590.6,L,0.0639,0.0044,0.0209,0.012,8.360672000000001,0.55768776,empty,,,,,,,,,,,,,,,,,,,2
59,11772920,5180,10.665999999999999,157.746,180,0.032,0.18,55.1,-0.09,2.9704,0.0055,0.0399,0.012,4.5001,0.8287,0.8438,3674.7,L,2.7309,0.0077,0.0399,0.015,9.654076,0.97848034,rhat_01,0.2980589030310624,0.026732050818718267,0.025054019033129205,0.33193797933229113,0.18651496750610866,0.1443922867678341,1.2324390271527574,0.1581190403358601,0.1924167833795305,0.3218301802890916,0.03645236316373823,0.03099047246295422,35.96329612022974,3.1588840582398134,4.593724802860756,1.0993690125167945,0.098599263475315,0.09240996287622294,0
60,12009504,6179,3.9746,88.21700000000001,77,0.026000000000000002,0.1,7.7,-0.08,0.4312,0.0066,0.0399,0.015,4.2108,1.1688,1.4016,1865.6,L,0.5749,0.0055,0.019,0.012,9.255096,0.6928663,,1.1573156603992512,0.03167377675085703,0.03333107214259701,0.3145116663558155,0.10318053442941966,0.07937644780446973,1.2508541561944426,0.08491568835160246,0.1070055198323705,1.2196562490411047,0.05507197138279163,0.06212377080568543,9.489619786910769,0.45993146655964345,0.44875418582963356,7.090515168429176,0.19405543550314874,0.20420917187412702,0
61,12069127,6276,2.0103,48.4,77,0.048,0.1,10.1,0.08,0.1278,0.0055,0.019,0.021,3.9116,1.5678,2.2983,884.7,L,0.1118,0.0044,0.0304,0.021,10.62014,0.678072,,0.7531789026447308,0.1069170955461698,0.15316504778486661,0.7898208806421629,0.24929560547609442,0.09619795455182634,0.6602794238190355,0.17816994211256387,0.33945556661979204,1.1521953419730675,0.3273355489753619,0.7750374571666423,10.04523595564674,4.039695742206487,3.9863294090660695,7.566703825586782,1.0741272665087296,1.5387506858600943,2
62,12069424,5825,6.6735,103.277,50,0.021,0.03,4.6,0.1,0.7666,0.0066,0.0209,0.012,4.2867,1.0491,1.2156,2188.5,L,0.8145,0.0066,0.019,0.012,5.80321,0.8201174999999999,empty,,,,,,,,,,,,,,,,,,,2
63,12069449,5750,7.3922,116.929,50,0.012,0.02,5.0,0.05,0.9103,0.0066,0.019,0.009000000000000001,4.3527,0.9883,1.0957,2561.3,L,0.8943,0.0055,0.0209,0.009000000000000001,6.0568113,0.83186626,empty,,,,,,,,,,,,,,,,,,,2
64,12258514,5964,4.0544,74.79899999999999,77,0.016,0.1,3.3,0.0,0.1597,0.0044,0.0095,0.009000000000000001,4.1261,1.2581,1.6055,1512.7,L,0.1757,0.0033,0.0095,0.012,8.008107,0.74437475,,0.2885448467807439,0.038103727337509885,0.03493943780159875,0.5392644318111937,0.3466798935779497,0.23893821277100047,1.001232912433272,0.3222353355253874,0.3757681024135666,0.34087121841719814,0.06867718736439227,0.14940001707902673,33.95438948836258,10.3468978735349,8.567020807498281,2.025002222123713,0.26741123049161697,0.2452043069816221,0
65,12317678,6580,2.4574,63.464,77,0.025,0.1,5.5,-0.28,0.1757,0.0077,0.0095,0.018000000000000002,4.048,1.3379,1.8154,1212.4,L,0.2236,0.0088,0.0399,0.018000000000000002,8.649486999999999,0.59700966,,1.6513768533257591,0.06564519324921547,0.06171061947609657,0.8682371217748396,0.00932504462704331,0.009005788670878756,0.519158248516014,0.018450252180286064,0.01849654396919076,3.331724565100438,0.1416139398741163,0.13913800128112852,3.4738988318017565,0.13925971754126998,0.15421173670239385,13.104498208673903,0.5209273192911219,0.4897045158117752,0
66,3425851,6343,3.32,92.6,85,1.5,0.1,60.0,-0.04,0.64,0.008,0.049,0.018000000000000002,4.243,1.178,1.36,2038.0,K,0.85,0.008,0.049,0.015,10.550611,0.6510104999999999,rhat_01,1.667995772225653,0.4604424472750761,0.35496266641009244,0.7535424121905505,0.1691801501390776,0.08991968944249062,0.7173622369457013,0.1502617457091877,0.22934013637629302,2.5252259401949217,0.998738674693431,0.830571418802672,4.583381585753713,1.1344027459666224,2.998780937407396,9.915981905579983,2.7372605205398255,2.110199219859135,3
67,3544595,5669,6.63,145.77,75,0.45,0.1,81.0,-0.18,0.57,0.003,0.009000000000000001,0.006,4.468,0.899,0.9159999999999999,3366.0,K,0.62,0.003,0.009000000000000001,0.006,9.862494,0.8673791999999999,,0.42775340129574946,0.03501372187142826,0.031712980394121404,0.5006298467016204,0.17178141209664838,0.10836534480244264,1.0464701140265344,0.13046694123367997,0.18924228013095235,0.4966188988323904,0.06575706827994171,0.06232952781532608,23.30574632133179,2.5988733356803664,3.5568654409224294,1.712737540651931,0.14019600009136557,0.12697973150519992,0
68,4141376,6134,3.27,128.8,91,1.3,0.1,97.0,-0.24,0.64,0.004,0.03,0.009000000000000001,4.412,1.0190000000000001,1.0390000000000001,2928.0,K,0.59,0.003,0.021,0.009000000000000001,11.014056,0.7210664999999999,,0.7748400082186069,0.13045397421199012,0.105094257319583,0.4579292109042239,0.20811548385481782,0.1641243089408725,1.095131905832904,0.19569827417295615,0.22317654289925226,0.8834179066766465,0.15444106819286185,0.15566128339197438,13.101470990267,1.962691400358846,2.7756782808165106,3.5190825643994437,0.5924814171140591,0.47730546258461937,0
69,4143755,5622,11.27,77.2,106,1.3,0.11,57.0,-0.4,1.35,0.002,0.03,0.013000000000000001,4.102,0.9179999999999999,1.4140000000000001,1458.0,K,1.5,0.001,0.021,0.012,11.92217,0.84471416,rhat_01,0.16121649468559968,0.07298003270147542,1.2461372462749054,0.6395463455405771,0.4101599796163863,0.3369982851688226,0.8768883229031533,0.6598738561774782,0.4624608122049042,0.19770774338924624,0.09075108602853542,7.562513116755719,58.54132913565681,57.04986719370148,49.67142265796829,0.9964620314510053,0.4510818311916114,7.702241971650863,3
70,4349452,6270,3.45,98.27,79,0.57,0.1,50.0,-0.04,0.72,0.008,0.051,0.015,4.275,1.159,1.297,2106.0,K,0.81,0.006999999999999999,0.04,0.015,10.63185,0.6769724,,1.5065017074552185,0.09734107403884873,0.09603870701954387,0.34467904009148104,0.20352264650642835,0.14254360910615232,1.218899475244539,0.1570096943808399,0.21026744452994994,1.611599725234733,0.1687954058591008,0.1965347947970768,7.1817299910680905,0.7806166073358849,0.8401991913200728,8.541054164689445,0.5518715190965464,0.5444877987866779,2
71,4914423,5845,6.67,81.5,88,1.6,0.11,56.0,0.07,0.62,0.004,0.03,0.009000000000000001,4.155,1.099,1.45,1663.0,K,0.69,0.004,0.019,0.009000000000000001,12.246649,0.8062382,rhat_01,0.47592123821079824,0.09458813294211155,0.09660708435088694,0.3421319319559738,0.2188219268860393,0.2674118607852516,1.2216115107196488,0.306300177741741,0.22556015777683158,0.5161176556261254,0.10172296890097376,0.13124734215599798,22.42526282155482,4.546517224773638,5.504810788939942,3.016511322469655,0.599523936069366,0.612320569829572,3
72,5094751,5952,6.35,91.1,75,2.3,0.1,117.0,-0.08,1.05,0.006999999999999999,0.04,0.018000000000000002,4.213,1.068,1.339,1745.0,K,1.05,0.008,0.04,0.015,12.295469,0.7770834,rhat_01,0.27551710682846,0.09558374255679661,0.1599595767488854,0.5054867561780467,0.33031798045353367,0.32256758666942775,1.0408503167054084,0.4456823580301015,0.35386881826918315,0.3313159680732659,0.12517334375706615,0.2736431203703994,34.93364398263826,15.80164927829367,21.212308977721392,1.6126161990214616,0.5594567008362077,0.9362518633533492,3
73,5866724,6169,3.89,89.56,50,0.48,0.08,60.0,0.09,0.48,0.006999999999999999,0.03,0.012,4.224,1.199,1.399,1880.0,K,0.59,0.005,0.028999999999999998,0.012,10.965596000000001,0.7067919,,1.3657952259200594,0.05783462099404435,0.053394541977183296,0.31013632435423016,0.1382136743263439,0.10767770964920176,1.2554599028443887,0.11570152090875552,0.14255537575129007,1.438039579412991,0.07208558753060323,0.08850346304040335,8.048508705821625,0.4666235212452987,0.4247445249131445,8.35228252782203,0.35367753911012656,0.32652501017249236,0
74,6196457,5871,5.52,66.6,94,1.1,0.11,53.0,0.17,0.48,0.005,0.03,0.012,4.0489999999999995,1.209,1.716,1299.0,K,0.51,0.004,0.019,0.012,11.745063,0.79757977,,0.3491456632905804,0.16085969327381808,0.13665530248276808,0.5645085710060178,0.32964244447399027,0.2995097507883222,0.9709585576211046,0.44335946959706785,0.3627569289466168,0.4179576410513708,0.1846563467773922,0.31050522249858126,27.69197868995675,11.80362673461613,21.918008139869876,2.6189415586274816,1.2066085308132695,1.0250513997679853,3
75,6278762,5046,11.54,179.64,74,0.76,0.09,144.0,-0.37,0.94,0.002,0.011000000000000001,0.003,4.56,0.7390000000000001,0.748,4538.0,K,0.99,0.003,0.009000000000000001,0.006,,,,0.34499634346124575,0.04596586021413557,0.03120520483833039,0.3205246999976763,0.21694810919077942,0.3223358054775811,1.2445129663564536,0.37194350318558744,0.22252067294181854,0.37116777250429395,0.043521076135766334,0.09315485279365254,31.18286374435192,6.2560703757099745,4.141997478396561,1.128023017755342,0.15029303740517463,0.10203061568205052,3
76,6521045,5825,6.5,77.0,75,1.1,0.1,31.0,0.02,0.56,0.004,0.019,0.012,4.125,1.1079999999999999,1.5130000000000001,1502.0,K,0.46,0.004,0.021,0.009000000000000001,11.12934,0.8210907,rhat_1,0.46159355200024216,0.025750350403336453,0.022272119682997915,0.3592756848298508,0.19915575954092624,0.1267126771315345,1.203304686081962,0.1400020656941472,0.20667949611561087,0.49868261466198827,0.048026741077755064,0.04480564117539132,23.209299331532474,1.9133946825515658,2.473432776888451,3.052815325710359,0.17030364486910354,0.14729986588780486,0
77,7670943,6463,2.78,88.6,110,1.3,0.11,73.0,0.09,0.51,0.008,0.051,0.021,4.228,1.239,1.4169999999999998,1895.0,K,0.62,0.008,0.04,0.015,10.865152,0.6656647,,1.940567499689812,0.07765988797276369,0.07525294340103938,0.40498723757597255,0.0838729020411833,0.08171961502150688,1.1538314545009745,0.0913511266801712,0.09005896892396037,2.113017710226563,0.07148365754929076,0.1342138423567203,5.477509259935381,0.3271392142620506,0.19179322312226255,12.019889511099839,0.4810259231004448,0.46611729054007256,0
78,8077137,6072,6.23,68.8,75,0.64,0.1,39.0,-0.09,1.23,0.01,0.049,0.009000000000000001,4.056,1.117,1.632,1324.0,K,0.56,0.013000000000000001,0.04,0.018000000000000002,11.288569,0.70933723,,0.902764644891754,0.05234029022108466,0.05261041743779393,0.39277519902044356,0.1375665897237519,0.09304732839877722,1.167148952230125,0.10365659231755409,0.14558392362130212,0.986137966950194,0.08254242569537418,0.07707758198215786,11.736769561763646,0.8508545758060801,1.072140559827945,6.440158685869571,0.3733861052219982,0.3753131436265553,0
79,8292840,6239,3.85,92.85,94,0.35,0.1,37.0,-0.14,0.75,0.008,0.049,0.018000000000000002,4.24,1.148,1.345,1983.0,K,0.81,0.008,0.051,0.015,10.454015,0.65677834,,1.4769046918680364,0.0720878708547017,0.07225977509961501,0.3618362072358771,0.08703254543422806,0.06806387749624082,1.2005595157498348,0.07414529975508688,0.0918513144311337,1.5857868499262313,0.09995267982577638,0.10465455123406198,7.298631639181451,0.45185536745735533,0.4909819749474664,8.683136459735326,0.4238247892160416,0.42483546243335013,0
80,8349582,5699,8.03,83.6,74,1.4,0.1,90.0,0.3,0.7,0.004,0.019,0.009000000000000001,4.163,1.068,1.4169999999999998,1677.0,K,0.8,0.003,0.021,0.012,12.304376,0.8942957,,0.20066164861636904,0.08374063258662819,0.09049011639491689,0.6088727429611382,0.38399459294556637,0.22677157640176493,0.9161575394960133,0.33466601715213584,0.42782080578089277,0.25382123728641093,0.11336745902140566,0.19660238227120613,45.59931405391775,19.90333897305223,36.80554696132819,1.2428997424049553,0.5186901004174133,0.560496453273243,3
81,8478994,5417,5.35,178.7,75,1.4,0.07,50.0,-0.32,1.01,0.002,0.011000000000000001,0.006,4.57,0.81,0.772,4660.0,K,0.91,0.003,0.019,0.003,9.549876,0.93386936,empty,,,,,,,,,,,,,,,,,,,2
82,8494142,6144,2.62,61.8,106,0.76,0.1,81.0,0.13,0.24,0.005,0.019,0.012,4.038,1.4180000000000001,1.8869999999999998,1133.0,K,0.26,0.005,0.03,0.012,11.874623,0.74089336,,0.9050380912459948,0.09545766513857801,0.22030483974887494,0.44072713723022844,0.21867636705898108,0.3358188871488023,1.114387760836578,0.43275660380627246,0.23249131910279464,0.9937633138686316,0.13090896634014293,0.7540249107829066,11.646710958267628,5.024584817756823,1.7669945047551376,7.465185950678512,0.7873803628486105,1.8171794209187198,2
83,8554498,5945,5.6,61.98,60,0.96,0.05,76.0,0.17,0.42,0.003,0.028999999999999998,0.015,4.007,1.197,1.794,1153.0,K,0.45,0.003,0.021,0.015,11.596043,0.82433605,rhat_01,0.2541654764797172,0.11977592991809316,0.14615487398161625,0.5645232120971824,0.3494905975012567,0.34385343563120063,0.9709408199296872,0.5395298601902847,0.38313028112875425,0.3178473291448829,0.1597427971706007,0.2905213979939505,36.41394159868517,17.389157137008333,36.7912598400094,1.9931540666092133,0.9392773759232353,1.146139851351772,3
84,8866102,6325,2.6,94.5,75,0.6,0.1,32.0,0.01,0.53,0.008,0.04,0.015,4.262,1.228,1.357,2014.0,K,0.56,0.006999999999999999,0.042,0.012,9.374802,0.6507549,nosum,2.1741471839553945,0.037955429801493246,0.03789253070546206,0.30883374706340316,0.03331132957470079,0.0302358003721781,1.2568297330310845,0.03196108513293261,0.03483348166736855,2.2854771974794366,0.04718841471178825,0.04918956443599143,5.064182695400739,0.10669828550366489,0.10676493351610539,12.896464312899198,0.22514154033729028,0.22476843958622084,0
85,9592705,6174,2.33,53.54,92,0.32,0.1,21.0,0.22,0.16,0.003,0.021,0.012,3.9610000000000003,1.5090000000000001,2.124,1008.0,K,0.18,0.004,0.028999999999999998,0.015,10.966325999999999,0.74557877,,0.9685280809161643,0.0907272407705565,0.08829178729753373,0.6584551692108531,0.16541349908428415,0.16011902042540616,0.8520320177179262,0.24016004526894408,0.20318185583555548,1.288969952557005,0.27343129489107665,0.5441283734305398,8.97932031307696,2.6653796404634527,2.417660077917544,8.992254731360639,0.8423529231187548,0.8197410665837594,2
86,10514430,5784,7.84,70.0,98,1.0,0.11,30.0,-0.11,0.91,0.004,0.021,0.018000000000000002,4.061,1.0590000000000002,1.59,1303.0,K,0.4,0.004,0.04,0.015,10.771047,0.79824734,,0.13371762526688044,0.06850337396941068,0.0481447454944976,0.4769116325787862,0.319132943896675,0.3339210545894079,1.073658669064316,0.4484357817483936,0.3386968974742335,0.15939049613240797,0.0784346363165274,0.08196357466137397,72.61458088737544,24.65983023641899,70.35315263782519,0.929367864073714,0.4761140068164431,0.33461691528914805,3
87,10586004,5770,6.43,69.2,83,1.4,0.1,40.0,0.29,0.61,0.005,0.03,0.012,4.071000000000001,1.178,1.653,1395.0,K,0.64,0.005,0.021,0.009000000000000001,11.64366,0.8412609000000001,rhat_01,0.3376208830760652,0.21036652968968683,0.22403922550289845,0.5906985234315953,0.37948883185828225,0.32864362334016306,0.9388720627259717,0.5344809901365946,0.4191118578158468,0.43105609249594157,0.26486011538113297,0.4779721258183468,26.850505767752118,14.118146184533293,42.790649631725195,2.439517999188491,1.5200272297409692,1.6188208447267,3
88,10666592,6350,2.11,59.22,80,0.59,0.08,110.0,0.26,0.24,0.009000000000000001,0.04,0.015,4.0169999999999995,1.4969999999999999,1.986,1115.0,K,0.29,0.006999999999999999,0.042,0.018000000000000002,10.3654175,0.64158916,,1.1598682413965609,0.07920292707500609,0.07375203296747923,0.8814376537035677,0.01643950112012882,0.014788787586568208,0.4918987796903902,0.032290745891957184,0.033750857199482454,2.4609680112626844,0.19250826232983043,0.18660548773968788,4.703057504833099,0.33147949993655246,0.3991154914900301,10.06907957270494,0.6875785944006338,0.6402581449287279,0
89,11133306,5982,5.14,107.9,82,1.9,0.1,95.0,-0.02,0.88,0.006999999999999999,0.03,0.012,4.314,1.0590000000000002,1.189,2381.0,K,0.86,0.004,0.04,0.012,11.783586,0.77028847,,0.3333084294773052,0.15630547997911926,0.18232963267591829,0.5441992879011035,0.3451921303696308,0.30238646108932477,0.9953619227111319,0.4341030657903091,0.37508969428702255,0.4090631751469367,0.20416552692742707,0.3880859536207817,28.29409933050902,13.774765776445543,28.193001509845473,1.7323275953005095,0.8123775827966462,0.947634761655511,3
90,11295426,5793,6.31,101.57,74,0.1,0.07,13.0,0.12,0.34,0.003,0.019,0.006,4.28,1.068,1.237,2154.0,K,0.32,0.003,0.011000000000000001,0.006,9.933549000000001,0.8083792,,0.24870475326829083,0.027292488583646773,0.0243536167092116,0.7715942903840253,0.38385837202538486,0.0736485120647995,0.6894526773001597,0.12567571677022715,0.48316956085624807,0.3971030838138257,0.14203475627120987,0.0886952880584076,29.14627101078537,5.321419481308762,16.230096198581535,1.344793672404654,0.1475756513260973,0.13168461487097605,2
91,11401755,5911,7.1,67.9,66,1.2,0.06,44.0,-0.2,0.59,0.004,0.021,0.021,4.039,1.0590000000000002,1.632,1250.0,K,0.61,0.004,0.03,0.015,12.076706,0.74852943,,0.5902538452692613,0.06837494559442991,0.06701080375185098,0.5088925903679709,0.31768007798866993,0.2055351088558015,1.0368984704279272,0.2619079961266785,0.3415005525783801,0.678070112129069,0.10130082527144835,0.1992156864765834,17.06914061574738,3.876091854288344,2.9979370537536454,4.210763514043625,0.4877744185680051,0.4780428789181608,0
92,11807274,6225,3.59,75.71,75,0.31,0.08,56.0,0.0,0.45,0.009000000000000001,0.04,0.021,4.135,1.239,1.5819999999999999,1496.0,K,0.78,0.006999999999999999,0.04,0.015,10.3621435,0.6872835,,1.5333826112053,0.05923936029080701,0.054177044140056196,0.3913527854234553,0.06606943436978424,0.0665077655384666,1.1686951584703245,0.07348602072437882,0.07078980879961039,1.672844341072833,0.08991153631014082,0.08045286311388189,6.918799193032975,0.31748023381807045,0.39299195813172805,10.60373546879615,0.4096554253805369,0.37464820609312177,0
93,11853905,5781,6.71,74.4,76,1.1,0.1,42.0,0.09,0.67,0.004,0.028999999999999998,0.012,4.102,1.117,1.555,1436.0,K,0.77,0.005,0.021,0.012,12.1576605,0.82140255,,0.32332448961708404,0.06978343036779988,0.07267780020989634,0.6083886013558675,0.4381918800428881,0.20519128437329015,0.9167677113979594,0.2962540358224802,0.4829993153268729,0.3993407480000446,0.11735387266607528,0.20973790353006272,28.98295286728469,9.980359279274573,12.061773335337495,2.1977124364048928,0.4743343535651716,0.4940080646566636,3
94,11904151,5647,10.23,118.2,74,0.2,0.1,280.0,-0.15,0.67,0.003,0.019,0.009000000000000001,4.343999999999999,0.9179999999999999,1.0659999999999998,2730.0,K,0.83,0.003,0.011000000000000001,0.006,10.919079,0.84401894,rhat_01,0.20205451332621638,0.10291551864194871,0.10898907609828451,0.6913008711429152,0.41000406653034377,0.26269557570792046,0.8075084742332663,0.503006696257826,0.4781426385797245,0.27770626114874364,0.1543103590264528,0.4552752226868868,41.67739706343718,25.88699144112323,52.11886542587624,0.9415158427050363,0.47955667837600346,0.5078577070072574,3
